node1,node2,reg,MI,CMI,Theta_Sigma,Theta_T,Theta_Tn,Sigma,P,P_T,P_Tn,S
HOXB8,HOXB1,RFX5,0.4426240984811010,0.2399928239964810,3.757545902633150,2.6747908600708400,3.326028360050460,0.2677896895315900,0.001,0.013,0.004,0.3502283146992890
HOXA3,HOXA5,ONECUT3,1.3332641246712900,1.0592762406468100,6.927293391478650,6.451059899858750,6.334337285141710,0.3779076463498470,0.001,0.001,0.001,0.37209159037473500
HOXA9,HOXA5,HOXB8,1.0201047777773100,0.7272675292485760,4.817422796204690,4.7158179989206600,5.588914148777360,0.3521923765726610,0.001,0.001,0.001,0.376859428577418
HOXA7,HOXA3,ONECUT3,1.0903002525183500,0.8282359326374130,5.732590213795740,6.191030201948970,5.4718333636226900,0.3095219217360700,0.001,0.001,0.001,0.3848181535787970
HOXA3,HOXA9,HOXB8,1.1386549814171800,0.706205820178716,4.546538303011220,4.699133783395290,4.733854783095010,0.3155847875055180,0.001,0.001,0.001,0.3883046319949270
HOXB3,HOXB6,HOXB8,0.7937088283347760,0.463981140315984,6.012924471562520,6.887185334171100,8.028550432596840,0.3221513237391580,0.001,0.001,0.001,0.3989713394337520
HOXA3,HOXA9,HOXB2,1.1386549814171800,0.6819326267834640,5.013703501294700,5.262049089947020,2.0312170372896600,0.3417451306635590,0.001,0.001,0.035,0.4033192899943210
HOXA9,HOXA7,HOXB8,1.112822518526140,0.7619409575742210,5.991125368036530,6.413183285688710,7.300578670177960,0.3592910309443420,0.001,0.001,0.001,0.4170626408507260
HOXB8,HOXB7,HOXD8,0.581465905969365,0.4632520998574520,3.579768810561190,2.748862866526380,0.9216816932099270,0.3153962502935040,0.001,0.008,0.178,0.4171876917183410
HOXA7,HOXA9,POU6F1,1.112822518526140,0.8082513461534010,5.594566233801290,6.046406984954440,0.2125675690245190,0.3458356470338130,0.001,0.001,0.538,0.423511974541304
HOXA7,HOXA3,HOXB8,1.0903002525183500,0.7671449207283360,7.205798348800280,6.987761632993830,7.7472519713150500,0.370551731959154,0.001,0.001,0.001,0.42408431833722300
HOXB5,HOXB3,HOXB8,0.7702160357690510,0.5046084963004820,4.866565697504760,5.745389631491850,6.515247973798680,0.2912305364858400,0.001,0.001,0.001,0.4248332665035870
HOXB6,HOXB5,UNCX,1.1664079793536400,0.9711241578368300,5.137468466742160,4.939772220845190,4.640357319142230,0.3452322963556990,0.001,0.001,0.001,0.4281027420894480
HOXB5,HOXB6,ETS2,1.1664079793536400,0.8956638180184430,5.37988234901437,6.020477923968760,0.8058363816549840,0.3570197617580770,0.001,0.001,0.19,0.42813480157058800
HOXB7,HOXB8,BCL6B,0.581465905969365,0.3740728964083330,3.6490350587886800,2.9974910018207300,0.4735113679955750,0.3146618791929220,0.001,0.005,0.304,0.4311527221640920
HOXB5,HOXB6,THRA,1.1664079793536400,0.9533282137281930,4.996835969207570,5.54915149858431,6.103771453668470,0.3400980561205890,0.001,0.001,0.001,0.43554454273123300
HOXA9,HOXA7,ERG,1.112822518526140,0.8190392580132030,5.816119756100370,6.357555219761030,1.7066093274870100,0.3632009678445830,0.001,0.001,0.063,0.43598916855737700
HOXB7,HOXB8,AR,0.581465905969365,0.4221806605812940,3.738255452375480,2.654616068494570,2.460192918075750,0.3347011782419810,0.001,0.009,0.017,0.43635544723024500
HOXB1,HOXB8,RELB,0.4426240984811010,0.2483284429116820,4.660840438763960,3.5775454869972600,4.135724246733550,0.2947394160741070,0.001,0.002,0.001,0.4401358622152810
HOXA3,HOXA9,HOXB3,1.1386549814171800,0.5924746153413660,4.861256239965470,4.509378988324090,2.2269490634561400,0.3426889634401430,0.001,0.001,0.022,0.44300368187452300
HOXB6,HOXB2,HOXB8,0.716368688180506,0.3885664777086700,4.177850896879010,4.484509957137250,5.453769853493930,0.3009577487550010,0.001,0.001,0.001,0.458648297139908
HOXB7,HOXB8,PBX2,0.581465905969365,0.4527533214428840,4.108534169068300,4.408026207852050,1.4251195735097,0.3432038060175300,0.001,0.001,0.09,0.46015727628853900
HOXB2,HOXB3,TP63,1.1451867527707100,0.8910706763452680,4.335108238877940,4.575093750270810,2.5423858944682000,0.3065030447290690,0.001,0.001,0.013,0.4655310678593150
HOXA9,HOXA7,MEIS1,1.112822518526140,0.5533910355489720,7.572672573477960,5.700203273872630,3.910790744037990,0.4322295376968390,0.001,0.001,0.001,0.4656296954901520
HOXB7,HOXB8,NR6A1,0.581465905969365,0.4268359624565840,3.6966894473943300,2.764738136487500,1.0102018800571200,0.319536708051225,0.001,0.003,0.841,0.4665847742097560
HOXA9,HOXA7,HOXA1,1.112822518526140,0.5925699664421920,5.931364475355030,5.744261158432530,1.3666977567819200,0.3574233333137180,0.001,0.001,0.093,0.4704351977618290
HOXA3,HOXA7,MEIS1,1.0903002525183500,0.6538889740905080,8.881606329913390,6.891045340539860,7.01234292949019,0.4275218655701700,0.001,0.001,0.001,0.4720607474059750
HOXB6,HOXB8,AR,0.4384483315082320,0.385019289176325,3.272678163464350,2.643381899908030,2.198176892994080,0.2904261820248420,0.001,0.006,0.031,0.4804797109200270
HOXA5,PBX3,NR1I2,0.5275203570932470,0.4366995080276840,3.961339912034270,3.740699680926430,1.214081917957130,0.2833390852384940,0.001,0.001,0.909,0.48054923178507600
HOXA5,HOXA3,HOXA1,1.3332641246712900,0.8537543065552140,7.389666982676940,5.570651918279430,4.6973955076366800,0.4106790796885300,0.001,0.001,0.001,0.4820221957827820
HOXA3,HOXA7,ERG,1.0903002525183500,0.9325481693243630,5.793622127824990,5.281317267598560,1.8309909298984400,0.3125928199910990,0.001,0.001,0.051,0.48381022284464900
HOXB3,HOXA9,NR1I2,0.4854346526350440,0.463021507363908,4.081390153796400,3.573855838342690,2.452116014212580,0.3542102720873960,0.001,0.002,0.016,0.48609928087927500
HOXA3,HOXA7,HOXB7,1.0903002525183500,0.6993433896321250,6.02222125706336,5.9150303185325600,6.442357753264270,0.3289740301194050,0.001,0.001,0.001,0.4876748041915210
HOXA5,HOXA3,MEIS1,1.3332641246712900,0.8391737498856490,9.51541547077816,8.991922254817960,9.75869936733074,0.4903104772526900,0.001,0.001,0.001,0.49210862504580100
HOXB5,HOXB2,HOXB8,0.7825882731728040,0.3990864968292070,4.03695958684303,4.238564283445810,5.152109078307150,0.2924064027286800,0.001,0.001,0.001,0.49617797290201800
MEIS1,PBX3,NR1I2,0.4897207837210280,0.3627763852026080,3.828949570439220,3.232978104851130,1.8859711105197800,0.3271565288111450,0.001,0.001,0.986,0.4997317871223010
HOXB5,HOXB6,MEIS1,1.1664079793536400,0.81945076678938,7.205339165103100,6.846795734968680,1.0526323445646700,0.4274336627252010,0.001,0.001,0.157,0.5019282244916610
MEIS1,HOXA3,NR1I2,0.4401210487738210,0.4520908780827420,3.721762853610660,3.117699333432970,1.8737040168011500,0.3344671401350780,0.001,0.003,0.992,0.5022198439187860
HOXA9,HOXA5,HOXA1,1.0201047777773100,0.6431221385062290,3.968959515512930,2.325853868857930,3.0968538773530300,0.3139326643261810,0.001,0.011,0.002,0.5026817501944240
HOXB6,HOXB7,HOXA1,0.6863109245580840,0.2984820102103120,3.7356839329582300,3.012840491824370,0.4294107861106600,0.2932531464975980,0.001,0.007,0.627,0.5101892994448530
HOXA3,HOXA5,PBX3,1.3332641246712900,0.8203157071528920,8.265877443385080,8.048661834126520,4.433008782576190,0.4376252841058080,0.001,0.001,0.001,0.511451993459111
MEIS1,HOXA9,MEF2C,0.5307192066827780,0.4612890037555300,3.722699145626830,2.764416182924210,2.22824078522724,0.3506261092767070,0.001,0.005,0.027,0.51249087769777
HOXA5,MEIS1,NR1I2,0.5024611487082550,0.4832978460660250,3.833125178428890,3.725934813638580,1.036510902747560,0.345976779973049,0.001,0.001,0.85,0.5126219733769250
HOXA9,PBX3,DLX4,0.5031072721005150,0.3522332197019550,4.158114174382930,3.1873292752275100,2.9166172332325900,0.3001240624371040,0.001,0.005,0.013,0.51277577267337
HOXB3,HOXA9,MEF2A,0.4854346526350440,0.4120095289205890,3.4304016884134500,2.431886029315880,3.382974273203080,0.3256239634610550,0.001,0.019,0.005,0.515803927261441
HOXB3,MEIS1,NR1I2,0.6031071942363160,0.5152663796923530,3.5773715161515900,3.45346188167372,1.6260422527572100,0.3475759926857990,0.001,0.001,0.066,0.5158840694794480
HOXA9,HOXA3,MEIS1,1.1386549814171800,0.6127000658447050,6.147447079766380,5.840250429920060,2.9386954143486600,0.3760884062751180,0.001,0.001,0.007,0.5167194211295830
MEIS1,HOXA7,MEF2A,0.5164781609026400,0.3798166003719130,4.032800141217100,3.50777008874125,2.043106004042,0.3454984911780720,0.001,0.001,0.033,0.5167457946996800
MEIS1,PBX3,DLX4,0.4890585320653980,0.4449120165667050,3.533617949612020,3.2528803079524800,0.0220047451262315,0.3154549842791740,0.001,0.002,0.456,0.5174291321791160
HOXB5,HOXB6,HOXA3,1.1664079793536400,0.7197840317133210,5.3330751607882600,5.80772964490258,0.5331768455825230,0.357957528899647,0.001,0.001,0.28,0.5175458147547770
PBX3,HOXB8,TFDP1,0.327651856770474,0.3254141103491130,3.365613400758890,3.388964390219260,0.8033026019867450,0.2778624971717930,0.001,0.001,0.228,0.5188817979881780
HOXB5,HOXB3,HOXA7,0.7697066114185670,0.5041922066668790,5.464607573824730,5.008017534384640,4.020252201384490,0.3208710075425870,0.001,0.001,0.001,0.5195814195049500
HOXA7,PBX3,DLX4,0.5133840201686720,0.4416915400567670,3.577344523037010,3.3627729738187700,0.1362233076127450,0.2622815883803810,0.001,0.003,0.499,0.5200137672060490
HOXA9,HOXA7,LMX1B,1.112822518526140,0.7951796874550070,5.92123698269268,6.062872655190750,6.776318201256560,0.3519378543578080,0.001,0.001,0.001,0.5207301471242450
PBX3,HOXB8,CREB3L1,0.327651856770474,0.3033474442376910,2.8183875886109300,2.855761163807780,3.399910308105810,0.2521529636674560,0.001,0.001,0.002,0.5215702581874840
HOXB8,PBX3,GATA5,0.327651856770474,0.4058061145356140,3.881177985455450,3.668268646185430,1.3762674718392200,0.2902042377624340,0.001,0.001,0.096,0.5233895087566000
PBX3,HOXA5,LHX2,0.5275203570932470,0.3379769511863850,3.4209656244321700,2.2362487291644100,0.9943803986581500,0.2647326973386550,0.001,0.024,0.834,0.5239531152936090
HOXB5,HOXB8,NFATC4,0.4946491730374860,0.4068032721570620,3.3071402161711300,2.9609779446740900,1.1148198082916400,0.2918971298136360,0.001,0.004,0.139,0.5249576427101000
HOXA5,MEIS1,TCFL5,0.5028750559930240,0.4879952374479500,4.097019507989700,3.510077811832490,0.561932476948163,0.3613137043583720,0.001,0.002,0.692,0.5251559138576430
HOXA3,HOXB3,NR6A1,0.5157835908300990,0.4670679375194960,3.8660902133604800,3.984193827014230,0.0739489939856693,0.3200238692113900,0.001,0.001,0.474,0.5277847313776080
HOXB7,HOXB1,ELF1,0.2399690285084170,0.2398867570675290,4.0889577133377000,3.956736774849470,0.753890780074548,0.2757666176574010,0.001,0.001,0.769,0.5297645615363880
HOXB8,HOXB5,ONECUT2,0.4946491730374860,0.3242479096002730,3.105050937691180,2.1492759937880600,1.3243821908253300,0.2783906110271140,0.001,0.017,0.925,0.5301488645506080
HOXA9,MEIS1,PPARG,0.5307192066827780,0.497854154417361,4.001647298646330,4.157172396431740,1.0441178399983500,0.3668067559924980,0.001,0.001,0.144,0.5304506927293750
HOXA3,HOXA2,ERG,0.9439650419171030,0.8540787539501490,4.77563321653204,4.719982848515700,0.1241622531900700,0.3077919060894600,0.001,0.001,0.523,0.5308264463722050
PBX3,HOXA5,DLX4,0.5275203570932470,0.3623987714211490,3.815811785183740,3.064020991439560,1.0252443366669700,0.2913596213459100,0.001,0.007,0.166,0.5342467264733370
HOXB6,HOXB3,MAX,0.7937088283347760,0.711937543989024,5.676960694920510,6.039347101409170,4.509940280898920,0.3090397050589940,0.001,0.001,0.001,0.5353842856517040
HOXA3,HOXB3,CUX2,0.5151815438704370,0.4329739192173850,3.916905857801050,3.803866931733780,2.791442977457730,0.3180781725900250,0.001,0.001,0.014,0.5391082735203650
PBX3,MEIS1,TP73,0.4897207837210280,0.4299754717452960,3.742395095965420,3.430653090222790,2.154419575929300,0.3330791394817240,0.001,0.001,0.999,0.5402713207514170
HOXB7,HOXB6,HOXA9,0.6863109245580840,0.3468549097004700,4.444519356640310,3.487487685371520,1.8884070355817000,0.328126593915769,0.001,0.002,0.993,0.5408433862125880
HOXB2,HOXB3,SPI1,1.1451867527707100,0.9928693710653280,5.194840235389550,5.064013185922490,4.823474196303990,0.3387835613335130,0.001,0.001,0.001,0.5423397339564360
HOXA5,HOXA2,SIX3,0.9404384530945530,0.6973383048009770,5.129497043647060,5.577772474868350,6.161214684419390,0.309602735780362,0.001,0.001,0.001,0.542347377963385
HOXB7,HOXB6,MLXIPL,0.6863109245580840,0.5112769022695400,5.113759223861630,5.390683111551380,0.8600994604733770,0.3611822381242940,0.001,0.001,0.201,0.5426264623396150
HOXB8,HOXA9,IRX5,0.2686431155893630,0.143995959611322,4.244078213373520,3.743147921036590,1.297645895511960,0.2559301049472200,0.001,0.002,0.918,0.5426364450669980
HOXA5,HOXB3,NR1I2,0.4817059211233850,0.4626180753485030,3.4606636697177400,4.019139251807050,1.7926843039403700,0.3106338148302000,0.001,0.001,0.048,0.5433175381426670
HOXB2,MEIS1,GLIS3,0.4335069789107010,0.41230991420143,3.690382975728780,2.5729601109557100,1.74846841815402,0.3308196607899740,0.001,0.007,0.984,0.5437102942061000
MEIS1,PBX3,IRX5,0.4890585320653980,0.3664107418311780,3.560825461997530,2.8588150773549800,1.4410777663813800,0.3152488370430530,0.001,0.003,0.946,0.5446170369233850
MEIS1,HOXA5,NR2F6,0.5028750559930240,0.5007031398009580,3.4418197198182200,2.977192224692950,1.0368990254557000,0.327573075422485,0.001,0.001,0.15,0.5446979142919550
PBX3,HOXA7,HOXA1,0.5133840201686720,0.2968318570792700,3.661122051041750,3.1565885030641800,0.8276743249894740,0.2716831035591760,0.001,0.005,0.187,0.5458862014598310
HOXA7,PBX3,TET1,0.5133840201686720,0.55420438309957,4.105571099917470,4.512770348175820,2.863217434718880,0.2859344899395630,0.001,0.001,0.012,0.548262301860432
HOXA9,MEIS1,LMX1B,0.5307192066827780,0.4355234444277370,3.2933660573081700,3.0039480749449600,3.84120006611332,0.3376947823735770,0.001,0.004,0.001,0.548917618248143
MEIS1,HOXB3,KMT2A,0.6036590706160070,0.5138614193351970,3.192178812775390,3.030114293169270,1.820058944214870,0.3225850844028440,0.001,0.002,0.05,0.5507747641980390
HOXB5,HOXB6,HOXA9,1.1664079793536400,0.7287875736836830,4.625060946119970,3.950498369592820,1.2031947657866800,0.3254986467085150,0.001,0.001,0.899,0.5515168333323180
MEIS1,HOXA9,HEYL,0.5314550418556990,0.4768637797042220,3.126239496789260,1.894296800199430,2.0815488784151200,0.3187046252809610,0.001,0.034,0.033,0.5515400636599960
HOXB3,HOXA9,MGA,0.4860366995947070,0.4087949112383500,3.784417366729040,3.3481615397572700,0.7658454820842010,0.3470062984090760,0.001,0.001,0.769,0.5541135117318220
HOXB3,PBX3,MXI1,0.4873044737295740,0.4629210924431960,3.2934487024642900,2.559918994342060,2.0624526808932300,0.3279890281123750,0.001,0.012,0.04,0.5549909589849330
HOXB3,HOXA9,GRHL1,0.4854346526350440,0.4139766458422010,3.103905234555900,3.7812699618376200,1.7771070484180000,0.3110729375923930,0.001,0.001,0.052,0.5558774702572550
HOXB5,HOXA9,ELK3,0.3850164720783460,0.4273006224303000,3.692552077747120,3.8294779012523100,2.7863788601472100,0.271194022447641,0.001,0.001,0.008,0.5560477160305650
HOXA9,HOXB3,NFATC3,0.4854346526350440,0.4370401513370700,3.429409687441650,3.085490603904440,3.1277112491808500,0.3241793560410250,0.001,0.006,0.008,0.556840360028495
HOXB3,HOXA9,POU6F2,0.4860366995947070,0.4295062475418440,3.4232742419740900,2.350763362291830,2.776777592591810,0.3218929702728190,0.001,0.016,0.013,0.5569699358717130
MEIS1,HOXA5,TCFL5,0.5028750559930240,0.4879952374479500,3.945625112870290,3.3870243336107800,0.5731792761508900,0.3613137043583720,0.001,0.001,0.705,0.5575777047423810
HOXB3,MEIS1,LMO2,0.6031071942363160,0.5503393944828600,3.1528820548879300,3.1426267367082100,1.2243420411605700,0.3157052089978230,0.001,0.002,0.117,0.5575852242702180
HOXA9,MEIS1,HLX,0.5307192066827780,0.4099722874780700,3.561079756762800,3.013759909783900,3.903833570146180,0.3517864122820120,0.001,0.002,0.001,0.5581417882983080
MEIS1,HOXA3,TCF7L2,0.4405940856706990,0.4890497650905340,3.523448910256630,3.156928533956270,1.4432776198088300,0.3168359408445480,0.001,0.004,0.092,0.5585946722789200
HOXB2,HOXB8,AR,0.3230785704230830,0.2991001826307270,3.6747834502600400,3.1834248265401000,1.3909106557196300,0.2650186156052980,0.001,0.001,0.095,0.5591464192045980
MEIS1,HOXA7,LMX1B,0.5169875852531250,0.3217315990894650,3.341243378894850,3.557625632002040,3.621444498818030,0.3105626953747370,0.001,0.001,0.003,0.5595216857446800
PBX3,HOXA3,DLX4,0.504610084183037,0.37625850360677,4.341928477183280,3.3835589163776100,0.0273745155981491,0.2949929893608020,0.001,0.003,0.446,0.5599291795424260
MEIS1,HOXA3,NR6A1,0.4405940856706990,0.4840282841696230,4.787768966505280,4.564620737043070,2.718865906998290,0.384765338879147,0.001,0.001,0.01,0.5612223030360080
PBX3,HOXA3,MEF2B,0.504610084183037,0.5360095237808180,4.186170916082370,4.778282022026760,3.249859042892960,0.2932461142829140,0.001,0.001,0.01,0.5632130374093560
MEIS1,HOXB2,GCM2,0.4335069789107010,0.4859596419386360,3.01929576360874,2.5346050988665600,0.7064171664571280,0.2969477265099730,0.001,0.008,0.223,0.5657446639193190
HOXB1,PBX3,DMRTC2,0.2250556892404690,0.2005337478238230,5.5826834224596,5.388206259836920,1.2591860056449000,0.3054878577869530,0.001,0.001,0.911,0.5661936735303870
HOXA3,HOXA2,HOXB8,0.9439650419171030,0.7041559987591370,4.982282794785820,4.59644667312324,5.204322972592720,0.3261552091713820,0.001,0.001,0.001,0.5670246445438490
HOXA5,MEIS1,MEF2C,0.5030159606006040,0.4511785142228800,3.7028850049900100,2.9683069521693800,0.9151898235715510,0.3421406902381320,0.001,0.003,0.177,0.5672005577825720
HOXA3,HOXB2,CUX2,0.5077032512317410,0.3720429532120620,4.115588043586750,3.9382779931800000,1.8307719343955700,0.3376877561882280,0.001,0.001,0.049,0.5684819984029920
PBX3,HOXA9,MEIS2,0.5031072721005150,0.4661862579901190,3.208047160505570,2.9055550163399400,3.5622299011781100,0.2679222015539500,0.001,0.007,0.002,0.5692646819976770
HOXB6,HOXB7,STAT5B,0.6863109245580840,0.5637075884527690,5.048295414499040,4.78450426304198,2.165966612287720,0.3556517722348140,0.001,0.001,0.033,0.5692964019235440
MEIS1,HOXA3,MEF2C,0.4405940856706990,0.4554135427531590,3.783379621113260,3.4885510578776000,1.2347024083993700,0.328780779539769,0.001,0.003,0.115,0.5699632544012460
PBX3,HOXA3,NR6A1,0.504610084183037,0.5138066268834490,3.881977172550560,3.63866845192267,1.0383635665921000,0.2870890562034230,0.001,0.001,0.157,0.5699741370358370
PBX3,HOXA7,MEF2B,0.5133840201686720,0.6179495671647410,4.045752786907690,4.280688772504640,3.693870244354830,0.2707012461194510,0.001,0.001,0.001,0.5700695963099480
HOXB6,HOXA3,MEF2A,0.4434032147533850,0.3666187286900070,3.9576990858385900,3.2775193045686800,2.503812983730920,0.3055208998241460,0.001,0.003,0.013,0.5701328704000120
PBX3,HOXA3,CIC,0.504610084183037,0.4534551166353890,4.180431244192340,4.57057349428424,0.6124212473498180,0.2882614412164530,0.001,0.001,0.257,0.5706620945763100
HOXA7,PBX3,MEIS2,0.5133840201686720,0.4816294643834760,4.229046576287050,4.704656178650570,2.4941589825351800,0.2912584324020490,0.001,0.001,0.019,0.5720850977043950
HOXA3,HOXA7,LMX1B,1.0903002525183500,0.7965216908263680,5.930516167173900,5.361881815167270,6.243137185091650,0.3159257781674770,0.001,0.001,0.001,0.5751844609292100
HOXB5,HOXA9,SMAD1,0.3850164720783460,0.3860673736847250,3.897566085359690,3.463748844215020,2.74957955312041,0.2905194822763780,0.001,0.001,0.012,0.5763422122792400
HOXB6,MEIS1,RARG,0.2734105961774950,0.2304861876601660,3.297498500484980,2.7694748216660700,0.7217654515758670,0.2756510566379910,0.001,0.005,0.234,0.5766152052900190
HOXB2,PBX3,CUX2,0.4546954762937710,0.4273120249975130,3.6985302079135000,3.008301448214800,1.5346127569877600,0.3301835201346480,0.001,0.001,0.08,0.5769815830128580
HOXB7,HOXB8,HOXA9,0.581465905969365,0.3278836725962250,3.821539347654330,3.4297455308723900,2.322035564016880,0.331891925701104,0.001,0.002,0.998,0.5783696063541260
MEIS1,HOXA9,NR6A1,0.5307192066827780,0.4884501367626880,3.359779509296990,2.9619231390237200,0.8786592855985320,0.3354500300245750,0.001,0.003,0.186,0.578371677036069
HOXA9,PBX3,GLIS1,0.5031072721005150,0.4921415393985990,3.607625590864490,2.603284748919940,1.464504997723440,0.2750609640088580,0.001,0.014,0.085,0.5800101234310450
MEIS1,HOXA7,SMAD3,0.5164781609026400,0.401085810505664,3.56804914061126,3.635490109969330,3.7166692291589500,0.3181477158179290,0.001,0.001,0.001,0.5803631390617130
HOXA5,MEIS1,NR6A1,0.5028750559930240,0.4782567530591840,3.306274490483610,3.394511842883470,0.8571767991912660,0.3213153282808650,0.001,0.001,0.185,0.5808187086761440
MEIS1,HOXB8,SMAD5,0.1745504443809770,0.1929547344842050,3.749702310434920,3.428110016574090,0.9772303335499000,0.2072383779287640,0.001,0.004,0.168,0.5822824718405570
HOXB8,HOXB3,SOX9,0.321419241443118,0.2808012702825730,3.405651974900470,2.792120765147200,1.7706977942733100,0.2709980099516800,0.001,0.003,0.05,0.5829438358230770
HOXB7,HOXB5,CEBPA,0.5990619552915180,0.523502551653185,4.248255913531120,4.572174272572550,2.642682878561810,0.3166621847880150,0.001,0.001,0.011,0.5829642896781330
MEIS1,HOXB2,ZNF232,0.4330339420138230,0.497506131410088,3.3910846680639700,2.0203270533957300,2.8805411854809500,0.3145827023473150,0.001,0.026,0.005,0.5831634157930090
HOXA9,HOXB6,HIVEP2,0.4520754517607920,0.3460394446770400,3.589346516491500,3.4665101712662800,3.904922807256890,0.2911033827531790,0.001,0.003,0.002,0.5840241188200390
HOXB3,HOXA7,DLX6,0.4584977918828610,0.4492420650127870,3.584139156188170,3.559025115396810,0.2338679557877850,0.3047440308200990,0.001,0.002,0.539,0.5845225853857260
PBX3,HOXB6,HOXC13,0.4198352431238150,0.3961685293671930,3.723941227340140,3.522776180172340,1.2983547911744800,0.2965148232933740,0.001,0.001,0.101,0.585185079729767
HOXA3,MEIS1,LMX1B,0.4401210487738210,0.3244909605831790,3.62678754752877,3.7501987563133600,4.468529814138080,0.3217637078165400,0.001,0.001,0.001,0.5853244336103160
HOXA7,MEIS1,PPARG,0.5169875852531250,0.4416493871809050,3.746041473215590,4.118947290680950,1.2724602921092500,0.334398889576866,0.001,0.001,0.119,0.5855373420318650
PBX3,HOXA5,ELF1,0.5275203570932470,0.4977395878881980,3.7003876354583500,4.120653154247700,2.52812804252557,0.2759666159516150,0.001,0.001,0.015,0.5855618915294520
HOXA7,PBX3,POU4F1,0.5133840201686720,0.5550836175100430,5.111917113639730,5.83712636006025,3.736678419157670,0.3128715067182680,0.001,0.001,0.001,0.5867635494056520
PBX3,HOXA3,LMX1B,0.504610084183037,0.2273458948224180,4.119079761689270,3.645061056950480,3.155195794611860,0.287273779201554,0.001,0.001,0.006,0.586811016542348
HOXA3,HOXB3,THRA,0.5151815438704370,0.446703179875201,3.7695152563558400,3.648555904840770,0.0121917183291411,0.3129627228256400,0.001,0.001,0.462,0.5868111416339250
HOXB3,HOXA3,DLX6,0.5157835908300990,0.5905796077876360,3.39060460874071,2.291745109072840,1.7027082110624000,0.3000623147837980,0.001,0.019,0.977,0.5873994257547450
MEIS1,HOXB5,RARG,0.3913550903555590,0.2894319597391370,3.239369462978270,3.091154190124190,1.076436455783780,0.2638048161975960,0.001,0.003,0.15,0.5881211817668890
MEIS1,PBX3,FOXI1,0.4897207837210280,0.3994527012540620,4.217407924968050,3.76578509138815,1.1286699021129700,0.3517391008191520,0.001,0.001,0.122,0.5882253915264130
HOXA9,HOXB2,CUX2,0.5304984163356460,0.4672086808142390,3.6321326260241500,3.7808680995593500,0.9041051799511650,0.3414748377062310,0.001,0.001,0.188,0.5888963343441790
HOXA2,HOXB5,MEF2C,0.3693437632417980,0.47529899635687,3.819095854388700,2.699207982661120,3.181679782985450,0.3139095638058890,0.001,0.007,0.003,0.5910025844514350
PBX3,HOXB2,NRF1,0.4546954762937710,0.488499319360533,4.205994685797040,4.514241694121630,3.826633146560150,0.3672507034986720,0.001,0.001,0.001,0.5917489405177470
HOXA1,HOXB8,NFATC2,0.2434145490055880,0.1645245521973340,3.241723730963580,3.1939412846698800,3.121949958387670,0.2208298896113990,0.001,0.002,0.006,0.594718700175499
HOXA2,HOXA5,MEIS1,0.9404384530945530,0.5737351276017240,7.019063003283160,5.996416137043340,6.285329122058800,0.3672804217281370,0.001,0.001,0.001,0.5962664981500510
HOXB6,HOXB8,HOXB5,0.4384483315082320,0.1761445142344360,4.104203296882770,3.496721754699670,3.9642933838896600,0.3279201393759740,0.001,0.001,0.001,0.5964738339838190
HOXB3,HOXB5,IRX1,0.7702160357690510,0.6812356766356560,4.762596491660690,4.095361719352870,4.80457780121493,0.2872347713058250,0.001,0.001,0.001,0.5965832281158040
HOXA5,PBX3,CBFB,0.5275203570932470,0.5005402718728180,3.643016277539730,3.813443478245720,0.9628398831168850,0.2743293889033780,0.001,0.001,0.169,0.5967317420242110
HOXA7,HOXB2,RUNX2,0.5351190550621110,0.4305897635444940,3.684047571039210,3.796722635627560,2.192712875932340,0.3424870383632750,0.001,0.002,0.03,0.5973496638372360
HOXB6,HOXA5,ARID5B,0.3772556991313970,0.3665766922815050,3.660912971131860,4.096034268502470,0.878820865125606,0.2892141302680610,0.001,0.001,0.823,0.5978749361615270
PBX3,HOXB3,BACH1,0.4876723913160350,0.4663403302901160,3.612392846834120,2.808056105374600,2.542624469442900,0.3362908172866710,0.001,0.005,0.016,0.5982551445990020
HOXB6,PBX3,MYOD1,0.4198352431238150,0.4003962559758610,3.367979075456930,3.3864791554706400,3.05692994143519,0.2832301762206930,0.001,0.001,0.006,0.5990078932983490
HOXB1,PBX3,SREBF1,0.2250556892404690,0.2382241714767180,4.96440018313946,3.933486402314590,4.305483970292240,0.2903852804690200,0.001,0.001,0.001,0.5993945559919230
HOXB3,MEIS1,E2F3,0.6036590706160070,0.4688587004039880,3.3773528111207600,2.120996655196890,2.714655675554300,0.3383411762914440,0.001,0.026,0.008,0.5994913488468840
MEIS1,HOXB3,NR2C1,0.6036590706160070,0.4824166944922440,2.929858530770310,2.272859062789400,0.7499941125429090,0.3086115222381020,0.001,0.014,0.753,0.5996834080071130
HOXB1,HOXA7,SPI1,0.3072147733171920,0.2205502555582530,3.833400145241370,3.708266240860980,3.1923313913123300,0.2659267200986520,0.001,0.002,0.003,0.6000823162311820
HOXB3,MEIS1,CREB3L2,0.6036590706160070,0.4985345832336750,2.9513064451888500,3.140186012672190,0.2432899131869650,0.3154985462865220,0.001,0.001,0.569,0.6017263480720280
HOXB7,HOXA9,SMAD2,0.2594350170233060,0.3825050825063540,4.052079520213390,4.285494211796780,3.284854939293290,0.2767600250955750,0.001,0.001,0.003,0.6025739469323020
HOXB5,MEIS1,ATF5,0.3918645147060440,0.3407005235013110,3.901350479722960,2.841690397014630,3.64286241540466,0.3035277747564530,0.001,0.006,0.001,0.6029510028525950
HOXB3,MEIS1,GLIS3,0.6036590706160070,0.5811363455980510,3.982814829078860,3.020746541269580,1.3779129941974500,0.3846935279042450,0.001,0.003,0.934,0.6034513779192000
PBX3,HOXA2,IRX5,0.4398099688126450,0.2966386969829390,3.3198391396318000,3.3619089866934000,2.417535242874450,0.2589879467266880,0.001,0.001,1.0,0.6040660518960760
HOXB2,HOXB5,IRX1,0.7825882731728040,0.661686530086408,4.473764186237700,4.903444213925250,2.95933885898037,0.2951748440648490,0.001,0.001,0.006,0.6057016896258760
HOXA5,PBX3,MLXIPL,0.5275203570932470,0.3611885970853320,3.9982212300636900,3.496243680821130,0.862432573489323,0.2828744620365480,0.001,0.001,0.801,0.6057176040442360
HOXA9,HOXA1,TFE3,0.3985780121265830,0.432551917129614,3.833235071733780,3.390334674258670,4.285847483334390,0.3033507196014400,0.001,0.002,0.001,0.6057222538626140
HOXB8,HOXA7,SOX9,0.3256552466994200,0.3164480413649470,3.212030834506650,1.8603743175306500,2.5644476984218300,0.2668487058074670,0.001,0.04,0.008,0.6059137958960540
HOXB3,PBX3,ZBTB6,0.4873044737295740,0.4543738841283580,3.311956582904630,3.8879186910496300,4.737501062638970,0.3164772798718980,0.001,0.001,0.001,0.6072041602723790
HOXA7,HOXB2,HES5,0.5351190550621110,0.438626785861702,2.913029044942310,1.856587048208790,2.1309886440004000,0.299921108315521,0.001,0.039,0.032,0.6073604190624220
HOXB5,PBX3,TFCP2,0.3787962374819480,0.3662436033244760,3.124024097847170,3.15514124566368,2.644547967913020,0.2887768759647740,0.001,0.001,0.017,0.6076966891871880
HOXA5,HOXB3,ZBTB4,0.4817059211233850,0.5553806366807700,3.208266084096510,3.856823906791780,2.267149238513300,0.3008104617942020,0.001,0.001,0.023,0.6077314306182550
HOXB1,HOXA5,MAFA,0.333040939967046,0.258675656876301,4.553431747256040,4.648329349886720,2.6252957511478600,0.2795029151599370,0.001,0.001,0.013,0.6090694962653280
HOXB3,HOXA7,IRF8,0.4584977918828610,0.4618626511053900,3.1821098057902300,2.916043690841840,0.7187972285909630,0.2799032002247380,0.001,0.005,0.211,0.6094859465032690
HOXB8,HOXA1,DLX3,0.2434145490055880,0.2065238605753030,5.058267396830610,5.102254801164480,0.6999399992884920,0.2787928371580030,0.001,0.001,0.728,0.6095680591669430
HOXB7,HOXB5,AR,0.5990619552915180,0.4367764683525090,3.5633016984497700,3.907654401896370,2.13173698164973,0.2945291543135690,0.001,0.001,0.031,0.6096582936614760
HOXA9,HOXB6,HOXB5,0.4520754517607920,0.1625227733922080,3.988331814200850,3.3767034487745400,4.115129138709440,0.3019223623882700,0.001,0.003,0.001,0.6111106755732530
PBX3,HOXB1,MYPOP,0.2250556892404690,0.227793878842769,3.488713133463390,3.6244935398279800,2.2719605072193500,0.2437716484778760,0.001,0.001,0.022,0.6140923767203320
HOXB3,PBX3,TFCP2,0.4876723913160350,0.4881897666802090,3.584879456733300,2.9411650639912400,2.4412943259319100,0.342691959865632,0.001,0.01,0.018,0.6141292705781820
MEIS1,HOXB2,NR1I3,0.4335069789107010,0.4775593362385070,4.029117255161390,4.165271169196770,2.365740375323310,0.3546100269437720,0.001,0.001,0.019,0.6141699917699780
PBX3,HOXA2,DLX4,0.4398099688126450,0.3167810250809620,3.867384586522200,2.7396328452142700,1.579551896778360,0.2773701308372590,0.001,0.007,0.071,0.6142038093749760
HOXB7,HOXA9,HES4,0.2594350170233060,0.2472448883439620,3.481512192283370,3.285881726429750,3.104113266644560,0.248430175991162,0.001,0.001,0.004,0.6153133370644370
HOXB3,HOXA5,RFX2,0.4817059211233850,0.3464735392423450,3.053837298290270,2.7349133341865600,1.3192005005678100,0.2998582460319200,0.001,0.01,0.106,0.6168621405639850
HOXB8,HOXA1,NFIA,0.2434145490055880,0.2176448446350410,3.936595837167050,2.909522499449650,3.601805186826040,0.2440193002593880,0.001,0.006,0.001,0.6172755232099020
HOXA2,HOXA5,MEF2A,0.9404384530945530,0.7043075531122300,6.448953270543600,6.374430264748060,1.327386352789100,0.3573207244479170,0.001,0.001,0.1,0.6184744788420590
HOXA3,HOXA2,MEF2A,0.9439650419171030,0.7368759283600710,6.229781591683620,5.449352242636640,2.474817498700890,0.3576882171392620,0.001,0.001,0.016,0.618664550943473
HOXB7,PBX3,HOXB1,0.3794013434817540,0.2332866772331470,3.487071879139720,3.351468284088710,1.788328988884270,0.272425768366937,0.001,0.001,0.057,0.6194482107413080
PBX3,HOXB6,TFCP2,0.4198352431238150,0.4020799270017270,3.0952721812076700,2.940461283618700,0.8857127069426420,0.2684800705011410,0.001,0.001,0.178,0.619739676339727
HOXB2,PBX3,SREBF2,0.4546954762937710,0.4740543581144600,3.48673281877348,3.6015088904005600,3.065183231417050,0.3156471960026250,0.001,0.001,0.005,0.6206944841786570
MEIS1,HOXA5,HEYL,0.5026020533158360,0.4889684237150460,4.526637436972110,3.193835085767140,3.7270871013627000,0.3824464993047220,0.001,0.002,0.001,0.6221347751116810
HOXA7,HOXB2,E2F5,0.5351190550621110,0.4860376749725910,3.108133997106920,3.811085286508860,0.9860982195946160,0.3079110473808430,0.001,0.001,0.164,0.6224137627126720
HOXB5,HOXB2,HOXB3,0.7825882731728040,0.1713386326341290,3.1672726844817200,2.6770369063760600,3.632437850882170,0.2479838110747060,0.001,0.007,0.001,0.626371616828269
HOXA1,HOXB8,RUNX3,0.2434145490055880,0.1764144555874930,5.148189861205730,4.848084506088050,5.35704361372014,0.2867479373960130,0.001,0.001,0.001,0.6267236968100710
HOXA2,MEIS1,NR1I2,0.413912190777749,0.3568351275739960,3.4083751803517700,2.0698879292719900,1.4213699719752000,0.2905553553528610,0.001,0.025,0.95,0.627371266831212
PBX3,HOXA1,TBX1,0.3456202270161140,0.281837595034938,3.294998405998700,2.3544334512711300,0.2064913119894480,0.2384823671019870,0.001,0.017,0.535,0.6288327941933860
HOXB3,HOXA7,MGA,0.4584977918828610,0.4177683559072970,3.589397982312480,3.2449524049765200,1.0551275456060100,0.3096277588591300,0.001,0.003,0.149,0.629848238934048
HOXA5,HOXA3,LMX1B,1.3332641246712900,0.9732601090316050,7.50689026872768,6.763279993599580,7.409046615085740,0.401503820036512,0.001,0.001,0.001,0.6314653918210950
HOXA9,HOXB7,MLXIPL,0.2594350170233060,0.1689488585892090,4.618046740346480,3.9827162961686700,4.883398687956390,0.2894607623671630,0.001,0.001,0.001,0.6315528435884370
MEIS1,HOXB6,SP4,0.2734105961774950,0.3411521780335810,3.3364394168590700,2.7362822335383600,3.516080778797070,0.2793087964232890,0.001,0.007,0.001,0.6316670775578250
HOXB7,PBX3,PBX1,0.3794013434817540,0.2854587982958700,3.8129601104454,2.841365421683640,3.797716416288250,0.2861817372003960,0.001,0.002,0.001,0.632564060624566
HOXA5,HOXB2,KLF4,0.5459786689172760,0.4727283685254600,3.407190132096770,3.6475901258169100,4.368355285648930,0.321545958772047,0.001,0.001,0.001,0.6329622325437720
HOXB7,HOXB3,SPIC,0.6049435009598990,0.4342642768150830,3.5296464020939900,3.5204136754149900,0.3254702751760940,0.27184544169102,0.001,0.001,0.336,0.633902982374212
HOXB2,HOXB6,HOXB7,0.716368688180506,0.3492100788838850,4.660569060725430,3.497816242220170,3.063699455165690,0.3164885183580700,0.001,0.002,0.006,0.6341667016348180
HOXB3,HOXB6,HOXB7,0.7937088283347760,0.382230810815525,5.755689145457830,4.9112388587159,5.9315116662077,0.3200053295023080,0.001,0.001,0.001,0.6368794267390680
HOXB7,HOXB3,AR,0.6049435009598990,0.3655278916382770,3.502225928575090,2.2602419542597600,3.002115762778110,0.271116833729545,0.001,0.017,0.005,0.63813593362301
HOXB7,PBX3,NR6A1,0.3794013434817540,0.3532011484756260,4.049348306855490,2.738316629026660,1.884600705464150,0.2963874841101090,0.001,0.005,0.99,0.6394035839795740
HOXB8,HOXA1,PLAGL1,0.2434145490055880,0.1748122282676950,4.435822486495910,4.227540995933270,4.715824384951200,0.259336511450617,0.001,0.001,0.001,0.6397053187683320
MEIS1,HOXB7,IRX5,0.2072327393209100,0.2464471959200750,3.471688682605280,3.3399871592797500,1.2157461267946800,0.2353133918372460,0.001,0.002,0.906,0.6408771940486440
HOXA7,MEIS1,HEYL,0.5164781609026400,0.4762673729139950,3.9158366099352300,3.862611225741620,1.1593855056485000,0.336559251942247,0.001,0.001,0.125,0.6412965182327430
HOXB7,HOXA1,PBX1,0.2806191413215040,0.246197752226514,3.401023432054410,2.331031000609170,2.9416221881535800,0.2622688111408160,0.001,0.016,0.009,0.6428347233228020
PBX3,HOXB5,E2F2,0.3787962374819480,0.3740999187823820,3.295174466594380,3.0832703526461100,3.9326444903902,0.2942367795628220,0.001,0.004,0.001,0.6443263616433450
HOXB7,HOXB6,HOXA2,0.6863109245580840,0.3962623355195780,4.213586092624530,3.643029785283910,2.5789075828553500,0.323172561842583,0.001,0.001,1.0,0.6443882036281640
HOXA9,HOXA1,MITF,0.3985780121265830,0.3633744802110450,3.540289641984060,3.690558177592680,1.3447329911834000,0.2925444598646910,0.001,0.001,0.107,0.6451825031046690
HOXA3,HOXB1,MEOX1,0.1827270297643810,0.1424828826195370,4.017104188370130,3.71208102395474,4.273344843590690,0.2413660083151700,0.001,0.001,0.001,0.6458829335781370
HOXA1,HOXB6,STAT1,0.2946286099845800,0.2563968770722970,3.550875388666070,3.283737192257340,3.676267585937380,0.2649120471069580,0.001,0.001,0.001,0.6461775019532520
HOXB2,PBX3,ZEB1,0.4546954762937710,0.5297140967936430,3.3193533007255200,4.081784679724310,4.937392759522730,0.311045595712521,0.001,0.001,0.001,0.6463290428395440
HOXA2,PBX3,ELF1,0.4398099688126450,0.4100450353060140,3.6277728614062600,3.002976803250670,3.309518773695680,0.2776404851449700,0.001,0.003,0.004,0.6477607496037250
PBX3,HOXA2,SMAD1,0.4398099688126450,0.4119482148258390,3.562373362901880,3.2410654396243300,0.4395708520561750,0.2611653136214010,0.001,0.004,0.303,0.6483431453903260
PBX3,HOXA2,IRF5,0.4398099688126450,0.3726825541254680,3.142497690287760,3.32620976858941,4.004360353743630,0.2518327789510820,0.001,0.003,0.001,0.6491944932965060
HOXB6,MEIS1,E2F4,0.2734105961774950,0.4255653302694890,2.975541012857530,2.908548005943850,0.6873653965325050,0.2633602844257040,0.001,0.004,0.244,0.6494241620486590
HOXA1,HOXA5,FUBP1,0.4553318279352060,0.3899604731096780,3.5420175060476000,3.1160645860208900,3.3930961506567900,0.325203898681227,0.001,0.004,0.004,0.6499381189790790
HOXA1,HOXA3,GLIS2,0.4756648241107810,0.3824961641128610,3.426840927489400,2.34776788819739,0.8453932694754190,0.3114033591025340,0.001,0.016,0.804,0.6500949822934030
HOXA3,HOXA2,MEIS1,0.9439650419171030,0.6322303399057600,5.64313959787053,5.226695577925020,5.409578778234490,0.3434725200863470,0.001,0.001,0.001,0.6508525093626920
HOXB3,HOXB5,HOXA5,0.7702160357690510,0.5473978584580610,4.574438122099820,5.077231709627480,0.284047574602928,0.2863236441768520,0.001,0.001,0.34,0.6519539772760100
HOXB5,HOXA3,HIC1,0.4581719039202110,0.4062024907526240,3.637041135754280,3.6786539313497700,4.016460504639020,0.2844095538947640,0.001,0.001,0.001,0.6527889464263180
HOXA1,HOXA3,JDP2,0.4756648241107810,0.4627428221389310,4.227947095135900,4.378694969704260,1.872612775513110,0.3497841620834190,0.001,0.001,0.042,0.6529630733823720
HOXA1,HOXA2,ZSCAN10,0.6144362769339610,0.5524393268725880,3.299494953497480,3.967867478754590,1.3057418213948200,0.3185370767498630,0.001,0.001,0.104,0.6586557243047740
HOXA1,HOXA2,GABPA,0.6144362769339610,0.5684321368948090,2.991961330932360,2.934900807917650,3.742249680424560,0.2995933500338520,0.001,0.005,0.001,0.6599017504759540
HOXB6,PBX3,BACH1,0.4198352431238150,0.4037482998403460,3.674174292086030,2.8009376464430400,2.8037179456435500,0.2980197592778210,0.001,0.004,0.01,0.6622602238226260
HOXB2,HOXA1,ATF4,0.1499962776210300,0.2770049831741930,4.033017852870340,3.816198200662300,0.063949403981476,0.27649722224864,0.001,0.002,0.447,0.6633360564967250
HOXA5,HOXA1,EMX1,0.4553318279352060,0.4825261975481650,3.118931123635310,2.607495769719110,0.8588947047953350,0.2991206560401770,0.001,0.007,0.182,0.6636947932720740
HOXA3,HOXA2,HOXB3,0.9439650419171030,0.614657586963019,5.212559817783930,5.482464182314820,4.214037655442320,0.325481511108418,0.001,0.001,0.001,0.6692201229278990
HOXA3,HOXA1,CDX2,0.4756648241107810,0.4830857207650100,3.6943018134610300,3.145284044272390,1.3088298921788000,0.3275725404117730,0.001,0.001,0.116,0.6704477107533660
HOXB6,HOXA1,PBX1,0.2946286099845800,0.2606675484310840,3.239902231320580,2.422664399573130,2.1954199625534400,0.2420467808291220,0.001,0.008,0.022,0.6826720503193820
HOXA2,HOXB3,HES4,0.3300622652426320,0.2795293753889050,3.195203808541370,3.201812704426330,3.137789748964890,0.2692220944856370,0.001,0.002,0.003,0.6844488965307130
HOXA1,HOXB6,FOXB1,0.2946286099845800,0.2772570418373620,3.4389640769288,3.2844239350505100,2.904054568432130,0.2548339159779680,0.001,0.001,0.006,0.6872232900153540
HOXA1,HOXA2,MYPOP,0.6144362769339610,0.4690501807589830,3.185749320897890,3.192606980620410,1.4588485760874000,0.3198395588507690,0.001,0.001,0.096,0.6880576976242970
HOXB7,HOXA1,TET1,0.2806191413215040,0.2602905133387770,4.169683773694240,3.2419253909420500,1.585462728617700,0.2917150823209440,0.001,0.001,0.071,0.690438119420273
HOXA3,HOXA1,SOX15,0.4756648241107810,0.4012114183083030,3.840575783931960,2.9337028881944600,2.0929923227949500,0.3264621301029470,0.001,0.003,0.996,0.6905843255765710
HOXA2,HOXA1,OLIG1,0.6144362769339610,0.5061425098551830,3.3838392814126500,2.1587747545045900,1.9546687166160400,0.3317632407589440,0.001,0.021,0.992,0.6911582201081970
HOXA5,HOXB7,CUX2,0.2415422242727900,0.3195588205700150,3.658594931471410,2.618593757259080,3.6024989656770100,0.2690511942094950,0.001,0.006,0.001,0.6933629363674710
HOXB2,HOXA1,REL,0.1499962776210300,0.2644155331791700,3.708404746282690,3.481718823399000,3.625670096387260,0.2652149322404160,0.001,0.001,0.001,0.6956286815800810
HOXA1,HOXA5,JDP2,0.4553318279352060,0.4869618786752050,3.623603500076020,3.473199946996410,0.2722404738632290,0.3299937694375140,0.001,0.003,0.546,0.6967285306160890
HOXB7,HOXA1,NR2C2,0.2806191413215040,0.2576826779475080,3.4907046505848400,3.66837869407053,2.487321023184000,0.2691393136693910,0.001,0.001,0.014,0.6970776935962540
MEIS1,HOXB7,YBX1,0.2072327393209100,0.2397478291639960,3.4650486572207100,3.3437366657043200,4.108662158565020,0.2354248738445830,0.001,0.001,0.001,0.697624296716166
HOXA1,HOXB6,ATF4,0.2946286099845800,0.3714736665948880,4.544329073374680,4.315939920572670,0.410474163881529,0.2999683626937010,0.001,0.001,0.32,0.6979977869208030
HOXB7,HOXA2,HES4,0.2315094296553540,0.3431293786135210,3.5975276747824400,3.98668896436392,1.4853184038780400,0.2724299141963300,0.001,0.001,0.093,0.6987337439605010
HOXA2,HOXB7,PBX1,0.2315094296553540,0.2979866588666050,4.206895415699360,2.7522530887161700,2.816104573367020,0.3034154475350830,0.001,0.005,0.008,0.6995975164327340
PBX3,HOXA1,SOX7,0.3456202270161140,0.2676393649274860,3.847107268609350,3.44036882261781,2.9663978736956800,0.2664269669903780,0.001,0.001,0.008,0.7000689096432140
HOXB3,HOXB7,CEBPA,0.6054529253103830,0.4560977538366220,4.437850182235300,5.265164623220800,2.8733470017361300,0.3025945169824760,0.001,0.001,0.011,0.7035530563324850
HOXA1,HOXA5,RARA,0.4553318279352060,0.5640740226248290,4.283333169217710,4.080688049955830,0.2098324358713010,0.3478714404049440,0.001,0.002,0.527,0.7039145800064090
HOXA1,HOXB3,ATF3,0.1552850448049580,0.2675753515046410,3.550063649298410,3.3628542945250200,1.610364952164420,0.2629170102898710,0.001,0.001,0.969,0.7051589657680880
HOXB6,HOXA1,TET1,0.2946286099845800,0.2361178992685330,3.5543465555361200,2.0575465423988400,2.6556199976408500,0.2656916562081360,0.001,0.026,0.013,0.7060010560156320
HOXB7,MEIS1,FOXH1,0.206843179523481,0.3072946469624280,3.5925707562582800,3.640580983499030,1.2774313171308900,0.239183971314181,0.001,0.001,0.119,0.7061950022510590
PBX3,HOXA1,GSX2,0.3456202270161140,0.331259232065641,3.460137812811840,2.790723929035620,3.386637037963670,0.2496675028397560,0.001,0.007,0.001,0.7069618909703840
HOXA1,HOXB6,SOX17,0.2946286099845800,0.2870677748143830,3.592278384563040,2.4585778840228300,2.9877752346493800,0.264065172556812,0.001,0.007,0.006,0.7077783397497750
HOXB5,HOXA1,ATF4,0.2538124959751480,0.3295505601399280,4.040630233716700,2.7988307821908200,2.034431048586450,0.2750041219008070,0.001,0.006,0.032,0.7078231612561170
HOXB2,HOXA1,DDIT3,0.1499962776210300,0.2190060232168080,3.5261882268890400,2.406973689389750,1.959635609215280,0.2487067132147980,0.001,0.018,0.992,0.7082012306577760
HOXA2,HOXA5,LMX1B,0.9404384530945530,0.6852019524765450,5.254939050717870,5.0417428608575400,5.18436154150626,0.3143679612553340,0.001,0.001,0.001,0.7103639980502030
HOXA1,HOXB3,TET1,0.1552850448049580,0.2632014027899970,3.4003327897636,2.3360398494820600,1.3048038572622100,0.2506786159616720,0.001,0.014,0.109,0.7125701278651130
HOXA1,HOXB7,DLX3,0.2806191413215040,0.3190199460048440,6.031555327199900,5.996592980065000,0.0839299707319276,0.377072490238926,0.001,0.001,0.434,0.7199364922209830
HOXA2,HOXA1,SOX15,0.6144362769339610,0.4743896279475020,3.6201871810581600,2.631759685229790,2.1366723074164300,0.3316637342579020,0.001,0.008,0.996,0.7206671969107490
HOXA2,HOXA1,CDX2,0.6144362769339610,0.5118135028055870,3.083930168217180,2.9929188712098000,0.3905336930324010,0.3136858600946970,0.001,0.001,0.312,0.726918625508342
HOXB7,HOXA1,NR1H2,0.2806191413215040,0.2913423970078090,3.59830185204547,2.913633307473690,1.878951586355240,0.2671487663845200,0.001,0.003,0.985,0.729329463870063
HOXA1,HOXB5,DDIT3,0.2538124959751480,0.2514272141366710,3.15867923110634,2.8366846850766200,0.0910591465161393,0.2379864957341620,0.001,0.008,0.495,0.7390306829770660
HOXA1,HOXB2,FOXB1,0.1499962776210300,0.1940743091870170,3.1921630645755100,3.122969065552510,1.9197824196466500,0.2401950560276660,0.001,0.002,0.037,0.7493896730684890