node1,node2,reg,MI,CMI,Theta_Sigma,Theta_T,Theta_Tn,Sigma,P,P_T,P_Tn,S
ASCL1,VSX2,STAT5A,0.642141546961342,0.211913808491513,4.03033533252079,3.9477565592094304,1.48937033633844,0.318484160755671,0.001,0.001,0.947,0.47413476027843326
ASCL1,EN1,CDX1,0.850179722093623,0.243903545477294,3.52421534722094,3.37606573429017,3.60362009364684,0.313321698594717,0.001,0.002,0.004,0.4343848688628958
TP53,IRF5,ZNF683,0.0002157495608199,0.135200677699919,4.58297805224857,4.97245913402152,4.07685773876488,0.180636797265154,0.001,0.001,0.002,0.6697344494382892
PKNOX1,HOXB6,SP4,0.145417535862083,0.224568169179209,4.5968472195604,4.47704249425413,3.45531609701393,0.196674012648954,0.001,0.001,0.001,0.6824252162379938
SRF,ELK4,HLF,0.0748589495795913,0.183994590072147,4.2897378651961,4.03284152860492,4.39121568331661,0.241338282139964,0.001,0.003,0.002,0.6626136539721221
AHR,ARNT,HMGA2,0.0,0.127743152101241,3.82551373233405,3.25859504725489,2.40102838802762,0.159431832220181,0.001,0.007,0.027,0.6652695537830976
ARX,MEF2A,ETV2,0.0,0.110281488682776,4.58768534089591,4.72539788890417,4.76947636861328,0.172379785611506,0.001,0.001,0.001,0.8199006970230414
EP300,MTF1,HOXA1,0.10278891425672,0.214080241162043,4.19445626262995,4.76872432613769,5.164977941814209,0.226306548409974,0.001,0.001,0.001,0.7580694169947071
SMAD3,TGIF2,HOXA9,0.11652388441256,0.211721873284927,4.69413682045138,4.77973708249668,1.44803507028575,0.243881779530968,0.001,0.001,0.948,0.6437256307074187
SMAD4,SMAD5,HOXB5,0.378892529911935,0.371157586692988,3.70251458622292,3.96162335786176,0.81541975405184,0.308257562774327,0.001,0.001,0.779,0.6228573880397257
TP53,HIC1,HIF1A,0.0,0.106586413575792,3.84329517488574,3.84193936377752,4.21193420119803,0.15951188213214,0.001,0.001,0.001,0.6420268859207411
TP53,ID4,ARNT,0.089819834578305,0.147842951368857,4.89474918444795,4.79445793738405,3.24824209457374,0.221542275041328,0.001,0.001,0.004,0.5882089159268472
FOXJ3,ZBTB18,ZFHX3,0.0423668025406498,0.0929791096232294,3.96464293414451,3.87574375175217,4.32358395128949,0.176710196870743,0.001,0.002,0.001,0.7462933781111307
ATF2,CREB3L2,NKX2-3,0.0768540476885082,0.183119795663864,6.59712453633681,6.37286348995319,1.48036195599939,0.292662079238138,0.001,0.001,0.966,0.6994034673911086
ELF1,TFDP1,KDM2B,0.0,0.180421308687964,5.78346790059793,6.24878648421104,1.09691799879506,0.216104075575711,0.001,0.001,0.134,0.6657445316467453
ASCL1,NEUROG2,HLF,1.14962609331495,0.475138822400898,3.6363673906458094,2.67703873989851,2.4255362210051,0.380620110011005,0.001,0.008,0.02,0.4486446276254032
EP300,STAT5A,FOXP3,0.0377485252304419,0.0975199451153197,4.53018474012114,4.35337131160873,1.35656981649324,0.195039890230639,0.001,0.001,0.937,
MYC,CTCF,VSX2,0.032240579396682,0.158162123217609,3.50712006357228,3.6889777304766302,3.95172843457134,0.200968434557961,0.001,0.001,0.001,0.7337504383823505
NFE2L2,MAFF,MYBL1,0.129999797991135,0.139402290609432,3.89755304708768,4.26783626075215,3.7367324161728,0.180484901556675,0.001,0.001,0.002,0.6856495336825604
NR3C1,POU2F2,MYF6,0.185352774571842,0.155166072860242,3.5574651589961,3.70710737885484,3.18573481290901,0.20139460695077,0.001,0.001,0.003,0.7114035706246603
SMAD4,SMAD5,HOXB7,0.378892529911935,0.381252367250904,4.32579421130128,4.29516164778119,1.15604417241465,0.339875993718875,0.001,0.001,0.134,0.5935381114661379
STAT3,FOXO6,GLIS2,0.0528023955417205,0.0853961431255759,3.84578768220447,3.71272312177135,4.22789306138475,0.170792286251152,0.001,0.003,0.001,0.7239212775414936
ZEB1,ZFHX2,TAL1,0.0939647016965903,0.112343265578735,4.06883895299061,4.1644920152928,4.34028631332111,0.18104130051898,0.001,0.001,0.001,0.7548042625823147
ZIC1,MYF5,AHR,0.713328840415372,0.194993088551388,3.76494400158516,3.61984222988488,1.24986129006807,0.250975098865927,0.001,0.001,0.908,0.36812889097316603
EP300,TCF7,NKX2-8,0.0196708453391494,0.103884593992683,4.47242149174201,4.17625175418807,4.72164185287059,0.205709900306288,0.001,0.001,0.001,0.7315396197620296
HSF1,STAT1,NAIF1,0.166747313300438,0.153271271649995,4.50681125281678,4.37512376800062,1.99043538162106,0.243979795105999,0.001,0.001,0.994,0.621726584010674
MEIS1,HOXA9,NR6A1,0.530719206682778,0.488450136762688,3.39484581691686,2.93792457286258,0.901429420176329,0.335450030024575,0.001,0.001,0.187,0.578371677036069
MEIS3,PBX3,MYOG,0.0417279234836725,0.116867870931383,4.87861139269623,4.8261029717425,4.4444680878377,0.201746789048123,0.001,0.001,0.001,0.6624833948266171
ETV3,E2F4,HIC2,0.0211748366109372,0.14689690638843,4.48695307145722,4.19214717519566,4.54247430888457,0.250175519938529,0.001,0.001,0.001,0.7137175062442888
E2F3,TFDP1,BPTF,0.030871287405509,0.184845911290807,5.11817039986881,4.86307695765994,5.31902322128825,0.203637546368797,0.001,0.001,0.001,0.657147273012611
KDM2B,ZNF232,MZF1,0.0,0.102528544785961,5.30677574359754,5.16161250315391,5.7121391877172,0.197083106248059,0.001,0.001,0.001,0.6727311775162023
MYBL2,LIN54,RARG,0.0,0.0967853441238966,3.90948893841053,3.8862608404796,3.6313811609016096,0.166490184474018,0.001,0.001,0.002,0.6624209187699583
SMARCC1,SMARCC2,LMX1B,0.153683999396206,0.236945511864067,4.59126925090793,4.9495979830721,0.572522141067067,0.250981947465319,0.001,0.001,0.693,0.7465319705434357
WT1,TFEB,PPARG,0.176827062232274,0.14275267042941,4.39131946929732,4.05649759809167,1.39217722845065,0.249370947101846,0.001,0.001,0.944,0.5756400056443588
YBX1,PURA,ELK3,0.0496616812704866,0.11037569702807,3.86916981035806,3.65011972567057,1.36062443895594,0.200162013272091,0.001,0.002,0.941,0.6916727787242858
CREM,CREB3,GABPA,0.0,0.145050624566261,6.01367786476236,6.08759833686061,6.67916480187399,0.217776598447139,0.001,0.001,0.001,0.7059452493685847
ARNT,EPAS1,REST,0.0899084991779877,0.121260170696996,5.16716137434211,5.19164409295071,5.6131779061034,0.214578841730889,0.001,0.001,0.001,0.7482859162556035
EP300,MYC,MLXIPL,0.0,0.14678762844579,3.52065261998051,3.82704704151818,4.52509796129799,0.168040190998085,0.001,0.001,0.001,0.7640862358751783
HOXA2,EGR2,PURA,0.0,0.128102151250343,4.73012832848432,4.79170881161154,0.53837549356824,0.207789592945725,0.001,0.001,0.67,0.8509830811891217
MYC,NFYC,ELK3,0.0298142048076273,0.154350436666022,4.11665177222368,4.42108815878745,4.80742252030916,0.172475978620736,0.001,0.001,0.001,0.8068981934201838
FOXP2,SP4,TBX3,0.0846897000892253,0.139812292034274,5.3778676812765,5.48878163122698,4.87075867212983,0.217300899353073,0.001,0.001,0.001,0.584396456118046
GLI1,ZBED1,RARB,0.0,0.104753895186576,4.31404991305812,4.05222866110563,4.44498916716782,0.209507790373153,0.001,0.001,0.001,0.7258337383775316
KDM2B,ZKSCAN3,IRF7,0.112479057202239,0.16440334590346,5.10194001237088,4.70559314441247,5.11827259934821,0.20863870892734,0.001,0.001,0.001,0.6201656729514061
GATA1,KLF1,ETV1,0.688521817159051,0.6707085152006,4.74526427109394,3.4254799386446,1.02016116975792,0.440728519436715,0.001,0.002,0.861,0.6444873088708644
GATA1,GFI1B,TGIF2,0.49105232602864,0.475434457826596,4.72199210626099,4.62787894175549,0.330001881670869,0.372125989436804,0.001,0.001,0.35,0.6952137415403964
PKNOX1,HOXB6,GLI1,0.145417535862083,0.0865004019664659,3.64563423545614,3.53053371650035,3.95503118016869,0.173000803932932,0.001,0.001,0.001,0.7478792563085984
ETS2,ERF,CREB3,0.0127303459828183,0.128636660193401,4.80839949199471,4.85671973188109,5.242640571224849,0.202728738202536,0.001,0.001,0.001,0.6994364054823932
ESR1,ESRRA,CUX1,0.0092708299083836,0.13686637514923,6.63339386908042,6.38761345695207,6.92950061386326,0.257334523065701,0.001,0.001,0.001,0.7402646766017219
EOMES,MESP1,FEZF1,0.0,0.136102178628079,4.63948622039882,4.75955933107961,2.91194078076101,0.184462124830881,0.001,0.001,0.009,0.7211657058820381
HOXB5,PBX1,ARID2,0.0951792481977609,0.233086412488978,3.3994746627455,3.84546554497096,4.34525664074171,0.223809189600128,0.001,0.001,0.001,0.6592264969642996
JUN,FOSB,NFATC1,0.244800448054658,0.23685566938169,3.29534640382543,2.903917494339,3.48521342184774,0.246513830471935,0.001,0.005,0.002,0.6831929819451676
MEIS3,PBX3,NFYB,0.0417279234836725,0.120717082314204,4.12316714626321,4.17240831413435,4.62755339317786,0.177857334489435,0.001,0.001,0.001,0.6628329778179483
DBP,NPAS2,BSX,0.100521210250105,0.124649143467334,4.97311782570341,4.98688150728875,0.0418531763741923,0.191823226281748,0.001,0.001,0.419,0.6820203113578368
SMARCC1,SMARCC2,MLX,0.154287292829905,0.179369337346014,4.298192806773,3.96924645831847,1.9257244262811,0.24436840430175,0.001,0.001,0.048,0.7266188037065828
AR,SMAD3,ATOH8,0.0,0.141741923064171,4.29227751052497,4.66605573410277,1.05035264010081,0.187138193441515,0.001,0.001,0.865,0.7488190005266295
ARNT2,EPAS1,STAT5B,0.0,0.184543426025695,5.42120156401566,5.51549861880667,0.396623294639251,0.269106314179002,0.001,0.001,0.602,0.6476381657077915
JUN,ETS1,DMBX1,0.0,0.0874944591138935,4.41124616209284,4.36262300261329,5.00970324430371,0.16206510007805,0.001,0.001,0.001,0.76871277304639
LMO2,TAL1,ZNF32,0.0245912113974391,0.105263580944935,5.22461556943386,5.23835774446584,5.85649460304397,0.182178981662309,0.001,0.001,0.001,0.7148964526674316
EGR2,HOXB2,HOXA9,0.0,0.156973128521428,5.86510458338122,5.86706631280739,6.30478007864803,0.228346722698775,0.001,0.001,0.001,0.6881558082655076
HOXB13,DMRTC2,USF2,0.770711501356524,0.171727612822232,3.81375689997751,3.66417178972007,3.20262605969125,0.288991814599491,0.001,0.001,0.005,0.6076799807389691
E2F1,TFDP1,EGR2,0.0541738619558521,0.167292856264889,4.94174425826865,4.88511689075197,1.12283736054537,0.256064424018728,0.001,0.001,0.881,0.6486084049317682
MYF5,DMRT2,ZHX1,0.936113811205129,0.254162892411965,4.7597956547217,4.646696796084671,4.64384841758151,0.335317277594033,0.001,0.001,0.001,0.29728655267977383
NPAS2,RORA,TOPORS,0.0,0.139476774062345,5.39517805407471,5.54209223697972,5.6869167817571,0.214479085182732,0.001,0.001,0.001,0.7393471151148769
E2F2,TFDP1,MBD2,0.199601703663037,0.206880205720228,4.08124879545551,2.66346816572182,3.34618847737859,0.254198772716057,0.001,0.007,0.001,0.6054180660811823
BCL6,IRF4,TCF24,0.144527254440658,0.157616895644225,4.06151939743046,3.8394775241518,4.34629941867078,0.235343669842356,0.001,0.001,0.001,0.7415255149543143
DLX3,SOX9,PAX7,0.193831872422285,0.0973325071525728,4.00609897210977,3.78744859708044,4.04049140883781,0.194665014305146,0.001,0.001,0.001,
GATA1,GFI1B,HOXD8,0.49105232602864,0.447762142715551,4.07585389173374,4.19904582812605,0.658976968851072,0.342870815868739,0.001,0.001,0.235,0.6901580276799708
GATA1,SOX6,E2F4,0.130668608838868,0.273361565788569,3.89816611262865,3.80804008641236,0.843661257536579,0.232151156323239,0.001,0.001,0.793,0.7711081318307039
MEIS3,PBX3,TFAP2D,0.0417279234836725,0.0915292466861366,3.7230337676718706,3.67243466129982,3.6031130419550097,0.164714117702082,0.001,0.003,0.007,0.6357410537295585
TP53,TP63,NR4A2,0.0,0.108448277281382,4.62409009429879,4.46563774689289,4.98294224183748,0.196739234924845,0.001,0.001,0.001,0.6681741941176849
THRB,NR6A1,MSX2,0.0210768280696025,0.0929445596482584,3.9840187298650496,3.7579884141339,4.26441607289656,0.181062471692498,0.001,0.002,0.001,0.7239320126083594
ASCL1,NEUROG2,TFAP4,1.14962609331495,0.498172589617727,3.43040241260678,2.1994379720527,1.80763814250165,0.357888819956122,0.001,0.03,0.059,0.4155946148039957
JUN,FOSB,ARID5B,0.246279371160713,0.257506219152983,3.90861863409754,3.44692301128859,4.12874084206559,0.27289193543783,0.001,0.001,0.001,0.691141436977033
JUN,NR3C1,FOXO6,0.0757282905499901,0.110424619361272,5.02485537191166,4.71547507817644,5.29527175890995,0.220849238722543,0.001,0.001,0.001,0.7328226217916365
AIRE,GMEB1,NRL,0.0137836784119507,0.111065580292989,3.78541499321127,3.76416015963841,0.0741152658637414,0.172396037622086,0.001,0.001,0.479,0.7054019796680778
RUNX2,ZNF384,E2F2,0.0352609481506119,0.112246404616911,4.90845453569382,4.79445174725707,5.18929258750455,0.199986238020077,0.001,0.001,0.001,0.6176655689176179
ZNF423,EBF1,HAND1,0.0771069932229613,0.12267291046716,4.07987048293888,4.03264113053882,3.77049926257885,0.192035372318434,0.001,0.001,0.001,0.6630430783838313
BCL6,PPARD,IRF5,0.224819963097739,0.214769405409102,4.26741465568807,3.98520270680452,4.68671419922852,0.318117176472661,0.001,0.001,0.001,0.7064208034414453
CEBPD,STAT3,HSF4,0.033674955628201,0.132074880115578,3.69909444303925,2.82101739928577,2.71141944577966,0.162222787138965,0.001,0.011,0.015,0.7238739811131907
ESR1,XBP1,HEY2,0.088781840482361,0.21711124758003,5.74167999287999,5.73126362642707,6.20787971230518,0.26250136451745,0.001,0.001,0.001,0.707042534418869
MYC,OVOL1,VSX2,0.0,0.118695548037417,4.94418383810128,4.89851643671943,0.863706736408466,0.208004351590943,0.001,0.001,0.796,0.71674869967797
PBX1,HOXA1,OSR1,0.0529691375996788,0.114276209246492,3.85135849599826,3.8091221216113103,0.991363419757346,0.189398271240821,0.001,0.002,0.845,0.7592073497356294
HOMEZ,HMBOX1,POU3F2,0.0,0.116605154661896,5.4178595749473,5.44119904014392,5.93385265405419,0.199303520505399,0.001,0.001,0.001,0.6313812472133125
HOXA9,PBX2,GMEB2,0.107552519087627,0.168140297213953,5.00007682249622,5.25720758072309,5.68468905695328,0.229645984717287,0.001,0.001,0.001,0.6393428362873533
AR,SMARCC1,NR1H2,0.0391991096646849,0.110900288864924,4.24962337622873,4.12984937891282,4.13210279709435,0.195729975808332,0.001,0.002,0.002,0.7392326491127151
ARNT,EPAS1,FOSL2,0.0895606409280232,0.102478659187247,4.27512627208578,4.25633014345498,4.94672884345049,0.177410532792547,0.001,0.001,0.001,0.761310240840634
BCL6,PPARD,VENTX,0.224819963097739,0.248422693481876,3.4261462979683,2.02996431519341,1.79630548001719,0.275337394308819,0.001,0.028,0.988,0.7787354735765588
TBP,ZNF143,ZSCAN4,0.0339067523889445,0.124891186740281,3.99474814080905,4.21506545597211,4.39477705248123,0.177937460758649,0.001,0.001,0.001,0.6737510201983968
WT1,TFEB,ETV2,0.176827062232274,0.25355867459477,4.80094410028668,4.75850569609448,2.1278305916541,0.269577662551568,0.001,0.001,0.034,0.6317614020029041
ATF2,CREB3L2,ONECUT3,0.0768540476885082,0.156606593414734,4.79280815950659,4.65933864384955,1.88754442590014,0.228450324207198,0.001,0.001,0.991,0.67556143481784
LEF1,CDX1,TOPORS,0.0918145619683068,0.129847232814108,5.01775226045799,5.20290463509257,0.626468226092427,0.191948167147605,0.001,0.001,0.715,0.6347970775268765
LMX1B,OTX2,FOXO6,0.481041353756489,0.198349194457796,5.76596923444206,5.53163522034998,5.37165868526066,0.270527927882042,0.001,0.001,0.001,0.39679239709852293
SMAD3,TGIF2,HOXA5,0.11652388441256,0.172305794014558,4.29076800452113,4.18674967038582,0.986062118137231,0.232784921788229,0.001,0.001,0.849,0.710840662193362
SIX3,NR4A3,PPARD,0.0410340957579662,0.126805044826554,6.15751769658476,5.99086254486874,5.59367457744219,0.226793976364013,0.001,0.001,0.001,0.6269786529047648
EGR3,NFATC2,FOSB,0.148930686396235,0.139153851003269,5.44429394653554,5.40762927108069,0.154921803612724,0.230925500530318,0.001,0.001,0.51,0.7545026178692198
ARNTL,BHLHE40,DLX4,0.0080808459674419,0.13903971553011,4.26794334492993,4.54153782991001,0.436709438431883,0.174556186549976,0.001,0.001,0.287,0.7225425221274312
ASCL1,NEUROG2,RXRA,1.14962609331495,0.477068541513441,3.24613612031009,3.27903526716554,2.8885417942865,0.353827425484239,0.001,0.001,0.003,0.4423633858693644
CEBPA,CEBPB,SMARCC1,0.0446585216431732,0.149690094738064,5.67582982214407,5.86476816475475,0.559337609625649,0.232468449463856,0.001,0.001,0.68,0.6293917172973931
NR4A2,RARA,HMBOX1,0.0,0.0925966099666986,4.11345844894017,3.91502388240783,4.43573753105752,0.185193219933397,0.001,0.001,0.001,0.7668831504147053
E2F6,TFDP1,ZNF423,0.0,0.0851653977893564,4.30818514145575,4.10181761812032,4.6891248129748,0.170330795578713,0.001,0.001,0.001,0.663594353855781
SMARCC1,SMARCC2,NFKB2,0.154904142373772,0.209997189457974,3.77887089587847,2.90512879484537,2.63064632775955,0.225302483740589,0.001,0.008,0.02,0.76690082430691
NKX2-2,PAX4,SP2,1.69055768499018,0.761241527860717,5.17712796004625,5.25628447225915,1.65491473277709,0.573881874257989,0.001,0.001,0.971,0.2673690316414337
AR,SMARCC1,HOXA7,0.0383822974153176,0.109635758188629,4.1166105898125,4.04295423914105,4.39672162687757,0.195689982048404,0.001,0.001,0.001,0.7084965410157344
EP300,SP1,NKX6-1,0.119126337607426,0.182355539394054,3.78491323690124,4.10828164995976,3.9289358346150705,0.214371133885071,0.001,0.001,0.001,0.7010730329559169
FOS,NFATC2,IRF2,0.0,0.167718276510444,4.87316800759855,4.85957004678918,1.52244882093177,0.18905845082566,0.001,0.001,0.079,0.7190545529938001
FOS,ELK1,RORA,0.0853376470188545,0.128185952494021,5.71459367827547,5.38426822839177,6.02350192755814,0.256371904988042,0.001,0.001,0.001,0.698618549636306
GATA1,GFI1B,MSX2,0.49105232602864,0.42840227231702,3.7423692439653,3.6445989413154303,1.46807460493378,0.321205490393473,0.001,0.001,0.952,0.7085809454939433
NR2C1,NR2C2,HOXB5,0.129330687209916,0.156643190596755,4.25172042197558,4.03254617861469,0.679318896966349,0.22058833671498,0.001,0.001,0.219,0.6629938706463545
AR,SRY,E2F6,0.0775532067881031,0.0860029877879372,4.81549381963922,4.58379226587045,5.12769299353002,0.172005975575874,0.001,0.001,0.001,
ASCL1,GSX2,MYF5,0.976382755890565,0.377309067276032,3.27302873620457,2.76214730498433,0.296008412873459,0.356893261680071,0.001,0.009,0.353,0.35150593457011703
GATA3,ZBTB7B,ZNF740,0.0508102471447511,0.110509501662218,3.38683763815207,3.35625097290421,3.7697466254778,0.173014216058967,0.001,0.003,0.001,0.7786184873666622
MAFG,NFE2L1,MTF1,0.0091333549856962,0.100806624122587,4.83431094963132,4.66775170272181,5.09414947609767,0.201613248245174,0.001,0.001,0.001,0.6609566661556466
RUNX1,SMAD3,SOX8,0.0570626998096899,0.132935206957888,4.29602831525395,4.23864437755371,3.66541628368713,0.206184385163021,0.001,0.001,0.001,0.7622696500825692
SOX9,NR2F2,SOX18,0.605626746008245,0.384954510044624,3.3701300638484,3.80951853064978,2.03582689735027,0.3282778354598,0.001,0.001,0.037,0.5949894167698707
YY1,TFCP2,ZNF143,0.0,0.140283228623251,5.07926312942452,5.08789707538098,5.53619604858992,0.201215871483808,0.001,0.001,0.001,0.7322734723445995
PAX9,MSX1,MEIS3,0.189979430487699,0.128714680621994,4.52212227313319,4.5857200556398,1.0622236361463,0.186167960843908,0.001,0.001,0.153,0.563286036542836
PKNOX1,HOXB6,TBX20,0.145417535862083,0.143317224381759,3.9318082216141,3.15314040570026,3.6950678180834,0.176296125135627,0.001,0.004,0.002,0.7127740661962263
E2F3,TFE3,RFX5,0.131689772592818,0.181452381705274,3.99968740031498,4.12413862498629,3.75326406770511,0.228813930538648,0.001,0.001,0.001,0.7071177753453087
KDM2B,ZNF333,SOX17,0.0,0.127880373908531,4.49873996677255,4.08167934371943,4.69985170083366,0.162035182889202,0.001,0.001,0.001,0.6738203134293198
ESR1,NR2C2,HOXD8,0.0,0.129780499808847,5.24773703325233,5.00866768065944,4.86129731996421,0.234351802531661,0.001,0.001,0.001,0.7039140140934999
PBX1,HOXB3,OVOL1,0.0920163406218575,0.31465502064389,3.34625388368669,4.33310331911241,1.6171073712429,0.216825400080827,0.001,0.001,0.07,0.6748454788041387
IRF6,IRF8,LMX1A,0.142986562562109,0.116218381842341,5.07889429615821,4.80028659537143,1.64315842818836,0.232436763684681,0.001,0.001,0.974,
RUNX2,ZNF384,ENO1,0.0352609481506119,0.0959100191381244,4.5287604564172,4.36939571341837,1.43166608372975,0.187779836838081,0.001,0.001,0.944,0.6977049126479661
BRCA1,ZNF350,TFCP2L1,0.0,0.101315194732004,4.52506971481183,4.47595534016222,4.84022099019167,0.181007111255999,0.001,0.001,0.001,0.7133824287459333
DLX6,HAND2,GFI1,0.699522911238794,0.316684411812702,5.44707408558201,5.45254836785316,6.01706845431206,0.409997217275735,0.001,0.001,0.001,0.5666130615604807
TP53,ARID3A,FOXP1,0.0027874738019102,0.0943770972606558,5.49670828597892,5.33082074152735,1.18566393396529,0.188754194521312,0.001,0.001,0.874,
CEBPE,ARID5B,NKX6-1,0.278574269093799,0.241369959580071,4.51204235652797,4.59037353606927,5.03907613306748,0.290358609148845,0.001,0.001,0.001,0.770069082246968
EP300,SMAD4,EMX1,0.0273401574731733,0.133965071222487,4.75271077480471,4.76333869348657,3.34907049825757,0.201943786198497,0.001,0.001,0.005,0.7474532544256901
GATA1,IKZF1,DPRX,0.0567842981552134,0.130264750751731,5.35767979131564,5.12075789831374,0.924786819157483,0.233325630472335,0.001,0.001,0.821,0.7042829962394361
NEUROG2,SOX14,SOX5,1.26496777245692,0.543668049919797,3.25071520000659,2.12503572901311,1.81581799282066,0.392811028169102,0.001,0.022,0.049,0.37434853093548115
HAND2,NKX3-2,CENPB,0.538930846932808,0.201142325143857,4.78080714492117,4.64210004936062,1.28312480151009,0.301064109630146,0.001,0.001,0.951,0.44143849712910654
LMX1B,GBX1,MSX2,0.0959817360808541,0.114587053116711,5.67784728603233,5.50169851056938,6.06132992325463,0.227925545715698,0.001,0.001,0.001,0.6265108581211585
MYOD1,HEY1,PAX9,0.21963296391091,0.120171966534411,4.20160403648947,4.21468612955697,3.74014486369269,0.19561408419512,0.001,0.001,0.001,0.4991198805110754
MYOD1,TCF12,RFX1,0.0192716153756076,0.134785925451895,5.80960399432553,5.79260400637114,6.33904484871647,0.20253594380885,0.001,0.001,0.001,0.5748064995188064
TBX2,ZSCAN4,BARHL2,0.0271388396229173,0.101419422917995,5.39419950410736,5.21139036454195,5.81284431998308,0.202838845835989,0.001,0.001,0.001,
CEBPE,ARID5B,BRCA1,0.278574269093799,0.275500056587056,4.4125105927747,3.12335103690808,3.36882761634595,0.285407902642403,0.001,0.003,0.003,0.7566884294807732
KDM2B,ZNF713,NEUROD2,0.0,0.108259786711505,4.33404201712212,4.39005870919874,4.81574199932774,0.171701968094597,0.001,0.001,0.001,0.6776454679464726
AR,HOXB13,IRX5,0.0,0.127068438315005,5.62897273996456,5.60748585771918,6.1689423723493,0.227873406168249,0.001,0.001,0.001,0.67721864106062
CEBPB,KLF5,MSX1,0.0091424219577405,0.174164578950753,4.3337255657291,4.2124384288894,0.696074786394328,0.235155282270451,0.001,0.001,0.213,0.6863520032288595
TBX20,GATA5,MYOG,0.405123030498781,0.13614573518311,3.8405430468273294,3.7137314912726,4.10962520005257,0.215876798697501,0.001,0.002,0.001,0.27841881734480134
E2F3,TFDP1,PRRX1,0.0316071225784307,0.253924959911531,5.09322268931841,5.41742871955321,1.60175243320732,0.211303763188511,0.001,0.001,0.077,0.6720699120282244
KDM2B,ZNF589,FOXG1,0.116075981104053,0.121105560437189,3.4140764741329,3.36944431864141,3.83465586393301,0.189713699273011,0.001,0.001,0.001,0.6594166543147993
MYF5,DMRT2,E2F8,0.936113811205129,0.265129192011517,4.36988818755208,4.34771248651489,4.57770675764499,0.330736867567154,0.001,0.001,0.001,0.23991525957906643
GATA1,KLF3,GLI1,0.150552452827005,0.131226443817294,4.357933895991,4.29162606964098,4.67138047304934,0.201475469420504,0.001,0.001,0.001,0.7181679309379858
MEIS3,PBX3,ETS1,0.0417279234836725,0.110488359752844,4.61008315814724,4.52259460238433,5.05631910925248,0.195700024148723,0.001,0.001,0.001,0.5725597269975324
RXRA,THRB,MYBL1,0.0187369073220207,0.139046752360814,4.34356978304352,4.52222397258591,2.59252915455873,0.173292255823634,0.001,0.001,0.02,0.6776469419001114
ARNTL,CLOCK,MGA,0.111734223981361,0.136767644572826,4.63335516286647,4.68696629901086,4.85395646871911,0.203272620402567,0.001,0.001,0.001,0.7142128208308935
DDIT3,CEBPZ,STAT5A,0.0270022753816743,0.109352135277424,4.66769933921948,4.47092607819958,4.51818839135923,0.19653640433425,0.001,0.001,0.001,0.6382950148319516
LMX1B,GBX2,MYB,0.283126424195762,0.103477230612866,4.72746164516447,4.61266561512359,5.06983486583055,0.177024056601572,0.001,0.001,0.001,0.3575968526265311
E2F4,MYBL2,CREB5,0.139509683382392,0.129925540661867,4.6087009692097,4.39463677389915,4.68401436653499,0.241854935616598,0.001,0.001,0.001,0.7135459333958086
MITF,PATZ1,HOXB2,0.0326991166765001,0.18451786926691,4.54334667791497,4.81092351450178,4.79414049257376,0.227762090144138,0.001,0.001,0.001,0.6517212762297052
NKX2-2,PAX4,FOXP1,1.69055768499018,0.640308945120952,3.60832600285131,3.8990807725927,3.16182184310335,0.461471581562789,0.001,0.001,0.004,0.3744241339142248
ASCL1,EN1,NFATC3,0.850179722093623,0.377183924619234,4.01133444165539,3.07009663511363,0.637462148070263,0.341010084635892,0.001,0.005,0.246,0.5107163719557422
CEBPD,STAT3,ZBTB3,0.0340645154256301,0.108464358987217,4.30720587770042,4.26347226367505,4.49872010694274,0.187818024206924,0.001,0.001,0.001,0.6783430040771992
DNMT1,TP53,DLX4,0.107210962589132,0.115893652463863,3.39720103331058,3.23953927404863,3.6362083661551505,0.194816781952794,0.001,0.005,0.001,0.6096416691224379
MEIS1,HOXA9,TEF,0.530719206682778,0.469689787596593,3.23607262311155,3.07427869058445,3.84470405453614,0.323521681726548,0.001,0.001,0.001,0.5264276195827716
MYC,CTCF,PBX1,0.0323910911365979,0.213411528679708,4.84190272288464,4.69131342675172,5.09902027789054,0.25312899582879,0.001,0.001,0.001,0.7560613935608061
RELB,NFKB2,TP53,0.461896873589262,0.461834854223795,3.22814326333668,3.79003465739789,2.16284412201008,0.322078062351935,0.001,0.001,0.021,0.6133953685142559
IRF8,SPI1,DLX2,0.152398646949874,0.212438605803588,3.54293011363458,2.57800828042642,1.69199584379166,0.249055374128413,0.001,0.009,0.061,0.7394864265225205
TCF7,ZKSCAN1,IRF8,0.0,0.098892757023459,3.8628768713566894,3.8874574898834497,4.30856752821104,0.172407229070741,0.001,0.001,0.001,0.7704980663790456
KDM2B,ZNF740,NOBOX,0.0145523346493528,0.103249055308892,5.34345855353136,5.0744033977505,1.33559308393983,0.205580286063588,0.001,0.001,0.925,0.7296110050161103
MITF,PAX3,MLXIPL,0.0,0.131644735737854,5.10265397025357,4.90755540074085,5.30550068990054,0.173291135260249,0.001,0.001,0.001,0.6373616204371853
NKX2-2,PAX4,ZNF713,1.69055768499018,0.719064133319531,4.55496868190657,3.45877765226127,2.32624764747323,0.533550465660347,0.001,0.001,0.027,0.28141602940776195
RBPJ,HES5,SOX2,0.0068516143847183,0.120734981458461,4.53469059159475,4.56142862936045,5.09077854580829,0.199985449778469,0.001,0.001,0.001,0.6456680988795118
MEF2A,GLIS1,ZNF784,0.0078522296831082,0.123436127780848,4.33487505705422,4.340086796466631,4.86420264923213,0.192839815566822,0.001,0.001,0.001,0.7271287113889936
ARNT2,EPAS1,ZNF713,0.0,0.159271167856729,4.1958996145786,4.24403107322983,4.67264203066279,0.225893541143756,0.001,0.001,0.001,0.6379995852013148
FOS,JUNB,MYBL1,0.336230168557818,0.326049437875787,3.89511596439377,3.17824489080922,2.53942900490581,0.280315808129453,0.001,0.001,0.011,0.7165122798013757
GATA1,KLF1,E2F2,0.688521817159051,0.608829981167267,4.08263068829046,4.39488207920866,1.94736092201756,0.404040501901423,0.001,0.001,0.994,0.6425090758141103
NKX3-1,SP2,PDX1,0.0157531385301621,0.140044471351285,4.73867654104395,4.81353502383857,5.32035488886686,0.209986399933611,0.001,0.001,0.001,0.7523694319061054
HSF1,STAT1,CENPB,0.166747313300438,0.107350161716249,3.6349335341183697,3.22515944451663,1.75782702019727,0.211382128842174,0.001,0.005,0.982,0.6701524660263267
LMO2,NHLH2,MEF2D,0.0,0.101710803833508,3.56478907555308,3.6644477154790303,2.89451408681682,0.154697926183435,0.001,0.001,0.008,0.6318873911199555
SMAD3,OLIG1,HOXB7,0.0126382679788728,0.126124470219845,6.82907724508067,6.6240322896392,1.27440436863806,0.25224894043969,0.001,0.001,0.901,
WT1,SOX12,ARX,0.229198662145707,0.172954837892557,5.82548077894536,5.42354656431045,5.97131411849818,0.310742150188386,0.001,0.001,0.001,0.6229945811280979
ESRRB,NANOG,ARNTL,0.0269285471359773,0.15052599563341,4.13428341974448,3.59059478549813,0.147538454253109,0.171432952472356,0.001,0.003,0.501,0.7621386110042293
ZNF423,EBF1,TFAP4,0.0771069932229613,0.130528112612264,4.71950980946896,4.6078841495948,5.10048807444825,0.212083926837675,0.001,0.001,0.001,0.6827381532562309
AR,RREB1,LMO2,0.115935834951674,0.114581392734109,5.41571241909944,5.24773045428802,5.70607679729439,0.221935820077172,0.001,0.001,0.001,0.7792968259927012
FOS,AIRE,SMAD5,0.0,0.0887199064699789,4.45668524689421,4.29640320982483,4.82455139871957,0.177439812939958,0.001,0.001,0.001,0.7119831837999994
KMT2A,HOXA9,PDX1,0.26412954989401,0.232933234291131,4.1242207754598,3.0544191652083,3.14153328710697,0.263897648576666,0.001,0.008,0.006,0.6917659743109807
LEF1,CDX1,CEBPG,0.0918145619683068,0.173024936616711,5.58237253175985,5.74035579486474,5.18071333217733,0.204470048355522,0.001,0.001,0.001,0.5893372192245984
SMAD4,SMAD5,HOXB6,0.379775532119441,0.443230748651324,5.113130276993729,5.49031633773112,0.421086428139531,0.374980889278771,0.001,0.001,0.625,0.6213580000408349
TP53,TP63,RELB,0.0,0.150262047998721,4.57869078675854,4.30432313531845,4.74860724667406,0.196790880167168,0.001,0.001,0.001,0.6579667773490794
USF1,TCFL5,ESR1,0.116499174734328,0.120750097061812,4.56418357219803,4.40940304907775,4.36877119154915,0.220824347638363,0.001,0.003,0.002,0.7012537480506112
GATA1,KLF1,EBF1,0.688521817159051,0.625540919065511,3.59434157402017,3.68336021124059,2.24841244196619,0.376941267527553,0.001,0.001,0.998,0.7121254215088011
HOXB5,PBX1,CEBPE,0.0951792481977609,0.235324718527008,3.63389364602766,4.09131947513865,2.78897545595064,0.240050381710486,0.001,0.001,0.009,0.6416832057004345
NKX3-1,SP2,EGR1,0.0157531385301621,0.14697355927643,4.15388149569368,3.8801561292429505,4.54226176397405,0.198744585103202,0.001,0.003,0.001,0.7470105745430442
PAX9,NKX2-8,NR4A2,0.551784330635274,0.158138454510339,4.08872291575376,3.9263746490881695,1.64283609107256,0.198892206932859,0.001,0.001,0.07,0.41539012807540376
FOXC1,PITX2,HES1,0.0851169482426943,0.110213367846171,4.05585658160782,4.00087979756023,3.68236366829258,0.1901659730829,0.001,0.001,0.004,0.6223361719167754
GATA1,LMO2,NR4A1,0.0,0.0857702984357103,3.96723037619839,3.8263417836336,4.33317220923674,0.170476466630844,0.001,0.002,0.001,0.7755016223269643
TP53,ID4,GBX1,0.089819834578305,0.104078503344661,4.01423002183546,3.86838014338645,4.31904639425973,0.193329070842638,0.001,0.001,0.001,0.6181500962258853
MYBL2,LIN54,AIRE,0.0,0.0871844528370493,4.1350883789428705,3.95706198813359,4.68130706020736,0.174368905674099,0.001,0.001,0.001,
DNMT1,TP53,ELF3,0.108266812162042,0.201179854673024,3.68385045574022,4.07321783395447,0.130330106338643,0.201112648630289,0.001,0.001,0.514,0.5961228285810051
EGR1,HOXB8,LMX1A,0.0,0.138863290692705,4.489488862837,4.42921649841673,4.84015016984823,0.179114569269127,0.001,0.001,0.001,0.6474106357790277
JUN,ATF2,IRF6,0.0,0.160899789940833,5.54051165094869,5.70625141981359,6.11633171123671,0.217530827465623,0.001,0.001,0.001,0.7434577311867714
E2F1,TFDP1,JDP2,0.0541738619558521,0.156939772978191,3.73919402872422,3.73389020983526,0.0489711373475135,0.220163429323615,0.001,0.001,0.467,0.6292627856460412
ELF1,TFDP1,GBX1,0.0,0.091543152946596,4.10669823551287,3.99200196963044,1.35334819503804,0.17065987124907,0.001,0.002,0.934,0.6534380711750764
MYF5,DMRT2,WT1,0.936113811205129,0.329729387405397,4.64433974563371,4.37684240178256,2.02816556347143,0.336357629401467,0.001,0.001,0.04,0.259946482991114
TFDP1,E2F5,TBX2,0.0,0.158537467288358,4.11058980912616,4.46863917690365,3.30769282656828,0.176240165569122,0.001,0.001,0.002,0.7229003007776635
MNT,MAX,ZSCAN10,0.0677633468551395,0.188565786736418,3.57898644948878,3.57556429161842,4.05918754978706,0.191388222079731,0.001,0.003,0.001,0.631822859663009
BRCA1,TERF2,FOSL1,0.0818447235937612,0.115999975527305,3.61431889440119,3.59857728617194,2.61424363490389,0.177913841552082,0.001,0.001,0.022,0.7380223801363515
FOS,CREM,LMX1B,0.0294587987571617,0.139754129490101,5.02236965981582,5.06396861712882,5.50412431795315,0.188838370871309,0.001,0.001,0.001,0.7278236035680553
HNF1A,HNF4A,OTX1,0.0,0.0986576773546967,4.99099032516168,4.77086539782908,5.36558645597389,0.195726928898083,0.001,0.001,0.001,0.701635898366245
HOXA2,EGR2,HMG20B,0.0,0.118659543898413,3.65307442125976,3.83161606658162,4.1774756193197,0.170516203034438,0.001,0.001,0.001,0.8190704241095537
KMT2A,HOXA9,RXRA,0.261754257783618,0.175135347069196,3.8502811593293504,3.69828557736843,4.38021667746916,0.25290258488962,0.001,0.001,0.001,0.6283159251869339
MEIS1,HOXA13,TET1,0.110002753597104,0.214946679884855,4.92879075316536,4.63265296669,3.81277251237394,0.229995527875933,0.001,0.001,0.002,0.48008365405567477
NFE2L2,MAFF,RXRA,0.129999797991135,0.122121621861145,3.41168578726942,3.55465324084848,0.578208241032502,0.162933663573739,0.001,0.001,0.258,0.7721611357124729
SOX9,RUNX2,TEAD1,0.0713825149966834,0.114720140119231,4.27891453094442,4.28547240632032,4.94721644793347,0.164419971478778,0.001,0.002,0.001,0.6757486284916925
TCF12,MSC,ETV2,0.01389594975493,0.0987409660753216,4.30454354464183,4.36808054285497,3.80302675807682,0.161297161608461,0.001,0.001,0.002,0.6736373456061209
ZEB1,ZFHX2,NFE2L2,0.0939647016965903,0.149900869227619,4.87440705985889,5.2158163779715,5.84481150393026,0.201112301988909,0.001,0.001,0.001,0.7246005799590058
ASCL1,VSX2,GFI1,0.642141546961342,0.264344091033916,4.52787093745686,4.08025306448898,4.60760217859217,0.358100257075807,0.001,0.001,0.001,0.456129025656707
EP300,MYOD1,ZNF740,0.0717638080875926,0.094176170422518,4.37387829077233,4.25847855376289,4.55786038765649,0.175047236069851,0.001,0.001,0.001,0.5867938823119412
GATA1,KLF1,FOXO1,0.688521817159051,0.627593946899379,3.44265201266055,3.3251733350503,0.69395089558015,0.357863052619567,0.001,0.001,0.229,0.6884900437000957
GATA2,HHEX,NFKB1,0.0083722085196633,0.1557115697317,5.04070984778475,5.10220650645987,5.66784093978841,0.22431177475395,0.001,0.001,0.001,0.6413937181655495
IRF4,NFATC2,PAX6,0.0794754961876394,0.119729806520678,4.43662257325373,4.55838914679572,4.58517358106972,0.195080384399699,0.001,0.001,0.001,0.7552044911559092
MEIS1,HOXA9,MEF2C,0.531455041855699,0.46128900375553,3.48657464731379,2.54748388611432,2.08256665998665,0.350626109276707,0.001,0.009,0.024,0.51249087769777
NFE2L2,MAFK,NR2C2,0.198392510983606,0.198166772332184,4.17962108465396,3.54909364231243,1.83421116828295,0.253744675798392,0.001,0.001,0.05,0.731638723120111
SMAD2,FOXH1,NR6A1,0.0634651280153245,0.176980986450566,3.65374367368367,3.26158297351004,3.52247550665956,0.212500720525142,0.001,0.005,0.002,0.7006640396912405
DMBX1,SRF,GCM1,0.0753761096520482,0.133452606434553,4.46945144901351,4.71426977502738,1.26021838409731,0.160264127821021,0.001,0.001,0.118,0.6574514518494926
EP300,TCF7,BSX,0.0197460886350269,0.105875418624164,4.48186931275837,4.26446628199358,4.76285237035328,0.20516211786907,0.001,0.001,0.001,0.7867620489273613
MYC,CTCF,REL,0.0323910911365979,0.191778755305503,4.02950874211729,4.22539623344324,4.65600907259144,0.213771990423768,0.001,0.001,0.001,0.7490941879744099
ARID2,SMARCC2,VDR,0.0306134669251286,0.106635943348106,5.27311127720899,5.12253471376071,1.37301071782391,0.203006896352195,0.001,0.001,0.945,0.6993566201510306
NKX2-2,PAX4,POU2F1,1.69055768499018,0.626342854472988,3.9344471397335696,3.68203495179752,0.546760667686333,0.476504274039249,0.001,0.001,0.28,0.25576320244369627
GATA1,IKZF1,MEF2D,0.056274778674132,0.142096741745487,3.8188182673662094,3.4604386344004,1.45962582026407,0.185738495305495,0.001,0.001,0.092,0.7375169346830103
GATA3,MYB,ZBTB3,0.0313927816623321,0.156652567734095,3.97163430947938,3.09045463582598,2.87012431463739,0.186264133004166,0.001,0.006,0.011,0.7447419799421968
MEIS1,HOXA9,LMX1B,0.531455041855699,0.435523444427737,3.31807564598704,3.00529267190606,3.7875467253728,0.337694782373577,0.001,0.001,0.001,0.548917618248143
PBX1,TFAP2D,THAP1,0.0045915506031661,0.104525040682742,6.88633181911749,6.79737785585536,6.80270022166212,0.171259713118005,0.001,0.001,0.001,0.48762488192668346
SMAD3,FOXO4,HOXD8,0.0300046488959711,0.163148673891091,3.46933347153813,3.62653236562905,4.04873037426813,0.191461496919738,0.001,0.001,0.001,0.7192075549197409
WT1,TFEB,FEZF1,0.176827062232274,0.195276447407149,4.49155798303585,4.29823800342764,4.85818927176641,0.25283400161291,0.001,0.001,0.001,0.663561139928841
NFATC1,EGR2,ARID2,0.0304535454414498,0.160309452791777,4.33306513809266,4.81303434667501,5.2721833703801,0.193910865499664,0.001,0.001,0.001,0.6670245574425008
PAX9,NKX2-8,TFCP2L1,0.551784330635274,0.173859587525975,4.5703251518463,4.75718643683203,3.12991675245884,0.215357324905426,0.001,0.001,0.005,0.32804383744515486
E2F4,TFDP1,NR3C2,0.106434624010165,0.132940524616503,4.3459421577363,4.16387038644149,1.63937282854791,0.229105565295423,0.001,0.001,0.985,0.6436938307364295
USF2,CDC5L,ESRRA,0.271770903226444,0.298260720317552,3.86892248752172,3.96361875105275,1.75772799402412,0.305734562452488,0.001,0.001,0.047,0.6417329527297244
ASCL1,VSX2,HAND1,0.642141546961342,0.216793002406569,3.64048097631401,3.67205722737198,3.7921113966775,0.304528327061973,0.001,0.001,0.002,0.511021807631283
CEBPA,CEBPB,BATF3,0.0446585216431732,0.108583293490606,3.90746769352567,3.90268491957716,4.2796453351695,0.187251064131347,0.001,0.001,0.001,0.6769086130669469
MEIS1,PBX1,FOXP4,0.115408143374185,0.218547723283245,4.024705467146609,3.16801176922478,3.48551797119914,0.208222392628521,0.001,0.003,0.002,0.6266851177800566
SMAD3,RUNX2,POU2F2,0.0930923619238024,0.173041000361079,4.24518476145008,4.39039410357175,0.653503669049167,0.214036839833476,0.001,0.001,0.719,0.5999305265948579
SMAD4,ZEB1,LHX2,0.127137124355482,0.144796128391226,3.97657721883732,3.9059969897460496,0.167444988509317,0.221323244555999,0.001,0.001,0.509,0.6905932534673416
SOX9,OSR1,FLI1,0.278482128618798,0.194353376565662,4.09021822380246,4.37252323301972,0.317465600078711,0.227200969598218,0.001,0.001,0.578,0.6168386470799117
TBX20,GATA5,CEBPZ,0.405123030498781,0.18304968355016,5.41221303566891,5.36161186645118,4.86748477542492,0.274145766403268,0.001,0.001,0.001,0.3128963846723003
TP53,TP63,FOXJ3,0.0,0.128234832609718,4.4011307820125,4.49017995432256,5.08875131571727,0.1811978916977,0.001,0.001,0.001,0.6759248517684917
ETV3,E2F4,SPDEF,0.0217938979411993,0.197134773594856,4.61329504107713,4.58512573373337,3.19878212454316,0.267365449552238,0.001,0.001,0.004,0.7607028299466797
KDM2B,ZNF784,TEAD1,0.0881454279677323,0.184460337192019,5.80817687034263,6.08755836539718,4.0173151817759,0.237961017810482,0.001,0.001,0.001,0.6995742524695032
AR,ERG,DDIT3,0.0128285511876554,0.138062276372887,5.3071188791532,5.14775455650999,1.64096130737581,0.236227976834224,0.001,0.001,0.976,0.6881828631206104
ASCL1,EN1,TEAD1,0.850179722093623,0.358057824280978,3.99210777727066,3.89883398327678,2.26528909534939,0.343686347621876,0.001,0.001,0.025,0.4723437779360399
ETV6,GATA1,HOXA3,0.0235178263226659,0.120484345581111,3.78435528594753,3.89903992148249,3.97626872619796,0.174346753260504,0.001,0.001,0.002,0.6944224638579719
GATA1,KLF1,PAX9,0.688521817159051,0.569098685870081,3.57919165298808,3.7916180306970704,0.644482318939969,0.379587449550212,0.001,0.001,0.73,0.6151457334232647
SMAD4,SMAD5,HOXB8,0.378892529911935,0.3733794026999,3.11197298474663,2.99513295433083,0.637694276810957,0.280350985892969,0.001,0.002,0.724,0.6230335792736994
ZIC1,MYF5,ZSCAN4,0.713328840415372,0.279729628836072,4.27064375349688,4.64696489320781,4.21196282244149,0.270155679686427,0.001,0.001,0.001,0.3733505129485904
ZNF423,EBF1,ZIC4,0.0771069932229613,0.134866382697988,5.76655058858229,5.55010105580795,1.34518127727139,0.245472318234405,0.001,0.001,0.936,0.7142544138497464
ATF4,DDIT3,RARG,0.181411559780649,0.237286251703583,4.20745236575396,4.42733085108813,4.95245691461792,0.276240460353277,0.001,0.001,0.001,0.657879992757084
FOS,JUND,NEUROD2,0.132153754318921,0.125177966552099,3.58565444398468,3.53177118746198,4.10870159318578,0.180765886263956,0.001,0.001,0.001,0.684689676759066
FOS,MAFB,HOXB8,0.0103904935230217,0.198664369616659,4.021442716461,4.29227321366591,4.77843495589081,0.22910679866595,0.001,0.001,0.001,0.731448378823574
GATA1,GFI1B,MYBL1,0.49105232602864,0.466686230516348,4.02730818609296,3.17953082207718,0.839755832318838,0.345567163753939,0.001,0.001,0.792,0.7069805755990931
GATA1,SOX6,E2F2,0.130668608838868,0.153471991964611,4.83026839745351,4.51165606526808,1.85432907003406,0.261155473695597,0.001,0.001,0.988,0.7332156896498083
JUN,MAZ,MSX1,0.0,0.124209870594442,4.68983604689789,4.84741709657039,5.31292587148048,0.183445430275524,0.001,0.001,0.001,0.7124620233282158
LMX1B,FEV,CEBPE,0.185753333302515,0.132053126677781,5.45948142782742,5.38125516838517,1.35647808160971,0.217620737287064,0.001,0.001,0.933,0.5317029104770952
MAFG,NFE2,SMARCC1,0.0392264125981963,0.133616685799714,5.96311662193723,5.92959921143355,0.800585340707138,0.233347213652229,0.001,0.001,0.777,0.6756277483265378
TP53,TOPORS,BSX,0.0036488241543746,0.103023104050464,4.47076612008508,4.38305681749749,4.77424375840964,0.189392750434282,0.001,0.001,0.001,0.7044447594620077
E2F1,TFDP1,TFEB,0.0541738619558521,0.154390791514323,3.96319048955354,3.9446790998693295,1.8155487618006,0.225146971757326,0.001,0.001,0.988,0.6355305931730129
AR,ERG,DLX3,0.0128285511876554,0.181391776883223,6.419430101429991,6.29430063581643,6.58796770258178,0.264732105033291,0.001,0.001,0.001,0.6702659753381209
CEBPA,CEBPB,TEF,0.0446585216431732,0.107996278019911,3.7517120463749105,3.7892265773409104,0.705132242091034,0.176174551246952,0.001,0.001,0.734,0.6514345935411623
HIC1,HIC2,TLX2,0.0,0.101709786679793,4.95252525824186,4.92494365031907,5.6725251493877,0.187500430354795,0.001,0.001,0.001,0.673529423920366
E2F3,TFE3,FOXA3,0.131689772592818,0.131191277061162,4.58783456936921,4.384907394811431,4.563395140150609,0.249061083678784,0.001,0.001,0.001,0.6991956368345901
KDM2B,ZNF589,NFKB1,0.115881201205339,0.19460949944607,4.13206785785843,3.48962116751387,0.443198703810679,0.211630789675274,0.001,0.005,0.629,0.691831271847296
THAP1,PRKRIR,PITX2,0.148007484738591,0.214008025142848,3.46281447869423,4.08348652810677,3.20115324725861,0.198114034266283,0.001,0.001,0.006,0.6488035859862568
GATA1,GFI1B,RUNX3,0.49105232602864,0.408602242083389,3.61260269859761,3.37904935061436,3.81596087336247,0.315304562177813,0.001,0.001,0.002,0.7172658936208527
HOXA5,PBX1,PTF1A,0.122338622363768,0.202596274360584,4.17232867868259,4.280506697018169,4.59335630919956,0.242936971833346,0.001,0.001,0.001,0.6957003023150165
MEIS3,PBX3,DRGX,0.0417279234836725,0.116614230427069,5.72688670061327,5.51835719710924,5.77079877647752,0.225602733372766,0.001,0.001,0.001,0.6407160092051296
RBPJ,BCL6B,ELK3,0.0915352764333086,0.0930189444540726,3.42079667351012,3.16353929805935,3.66593553055306,0.186037888908145,0.001,0.003,0.001,0.7720876924621857
NANOG,TET1,PURA,0.075090857623914,0.142163989158179,5.34897848822049,5.55686661796289,0.393565004357144,0.212450231845868,0.001,0.001,0.598,0.752214577596287
ZNF423,EBF1,RFX2,0.0771069932229613,0.130579542162992,3.79044708520656,3.77758032981016,2.42230839377176,0.186004078951903,0.001,0.001,0.02,0.6620539151808214
CEBPB,ESR1,KMT2A,0.0412750108459008,0.118213900300726,4.95687472781119,4.9568433439062,5.63382999025202,0.196771154698905,0.001,0.001,0.001,0.782276786709663
NR4A2,PITX3,EGR2,0.0034554674213978,0.139324320381734,4.33307275644928,4.19209759552155,4.6530202338908495,0.186028011448932,0.001,0.001,0.001,0.7114106861516791
GMEB1,GMEB2,GABPA,0.0225751772592404,0.160773623640178,6.39341212304932,6.41907680618822,6.28024915996533,0.249188714748326,0.001,0.001,0.001,0.648156385953665
FOXD2,PAX6,FOXK1,0.0,0.0980487135695479,3.37597075659064,3.33239790761581,3.96686658862137,0.161776328056547,0.001,0.003,0.002,0.7583933859866164
ASCL1,EN1,MEOX1,0.850179722093623,0.358261195604247,5.63303688777301,5.69183352556837,0.788626769928392,0.419593332336865,0.001,0.001,0.777,0.49719362037118947
JUN,NR3C1,DLX6,0.0757282905499901,0.0962500617780452,4.00043916127245,3.73117556161645,4.1445087670733,0.19250012355609,0.001,0.002,0.001,0.7159844465971683
LEF1,SOX17,NR6A1,0.0,0.0931645942561176,4.60991762225359,4.41097658441116,4.90299089399011,0.180527228267396,0.001,0.001,0.001,0.6910482951684871
MEIS1,PBX1,IRX1,0.115408143374185,0.18895352814678,5.02344108223267,4.46010586708199,2.25034968503958,0.240123065556336,0.001,0.002,0.027,0.6306412964007742
PBX1,HOXB3,ESRRB,0.0914031446444228,0.172833867390858,3.56260911256245,2.68529548873855,3.26647407716525,0.217989209841189,0.001,0.006,0.003,0.6978948790718994
SMAD3,OLIG1,HOXB3,0.0123372444990406,0.177887453696443,4.82623386966457,4.38272114000873,3.7162863006757103,0.187937035595517,0.001,0.001,0.001,0.711829946711208
SIX3,NR4A3,FOXJ3,0.0410340957579662,0.0907170046791988,4.61283053948612,4.3308309302372,4.8988916519358,0.181434009358398,0.001,0.001,0.001,0.5949058920366579
E2F2,TFDP1,MTF1,0.199601703663037,0.202451677727811,4.03587222624566,3.44079842520066,1.1080084919613,0.25037159233142,0.001,0.001,0.142,0.6321014723362482
THAP1,PRKRIR,HES1,0.148007484738591,0.161873030121949,4.6699902241717,4.5933307635596,2.95425413793862,0.239193062053214,0.001,0.001,0.006,0.6942088497971669
DNMT1,TP53,HOXB8,0.107652463692885,0.154977954275777,3.69368640037174,3.7508051200685695,4.1856122122922,0.202668011193393,0.001,0.001,0.001,0.6478918809207042
ESR1,RFX4,SOX18,0.12536450217887,0.152277779158962,4.12584538526546,4.24745854903704,0.300267287005261,0.200896758815924,0.001,0.001,0.368,0.7657215968644215
ESRRA,ESRRG,MEOX2,0.0553214904329602,0.0925168948639428,4.4469203286107,4.29212265527191,4.88742296832555,0.185033789727886,0.001,0.001,0.001,0.6081474869290207
MEIS1,HOXA9,HLX,0.530719206682778,0.40997228747807,3.55154095173551,2.99726411348108,3.78237713005221,0.351786412282012,0.001,0.002,0.001,0.5581417882983084
ZIC1,MYF5,GABPA,0.713328840415372,0.207535202791622,3.8306784286474898,3.673868622041,3.36684760874965,0.254174349353086,0.001,0.003,0.001,0.34928234052042395
HOXA9,PBX2,GBX1,0.107184601501166,0.136655432258631,4.72668821863161,4.6952449412085,5.23659290895433,0.218502219807382,0.001,0.001,0.001,0.6026595987557696
KDM2B,ZNF589,EHF,0.116363916606501,0.15773580240581,4.09871582586792,4.26470996494161,4.68784167554398,0.212576332471862,0.001,0.001,0.001,0.6579109579402799
AR,RREB1,HOXB2,0.115960874714818,0.132155248244497,4.68905353475664,4.71669569117958,5.18581668344566,0.208016209331434,0.001,0.001,0.001,0.7064955043217704
ESRRA,ESRRG,TFAP2D,0.0553214904329602,0.101400532780866,4.15943240383942,4.17374851446182,4.81440723806905,0.170233694498152,0.001,0.001,0.001,0.6144900974288516
FOS,NFATC2,CDX1,0.0,0.128321004253878,4.24130102748829,4.46679057809492,3.8418344920137506,0.184229717083331,0.001,0.001,0.005,0.7186475001391412
LEF1,VENTX,DNMT1,0.0249490678739255,0.112520622356121,4.19751631723642,4.40012935329525,0.198425324521372,0.164568508916894,0.001,0.001,0.508,0.7809023747804887
MGA,MAX,NR3C1,0.0341486153980832,0.168893677747142,3.60387338501123,3.69186683990296,4.076710244808,0.195110793727968,0.001,0.001,0.001,0.6703411692123377
E2F3,TFDP1,PLAGL1,0.0312759967506162,0.124202502891556,3.54521481316268,3.30037232293474,1.58650498705154,0.165873272309874,0.001,0.005,0.969,0.6470044627717516
KDM2B,ZNF333,TBX20,0.0,0.129092808491727,4.97846078712172,4.99875677488589,5.5371550565703,0.179113085445794,0.001,0.001,0.001,0.6804837031033698
ATF5,CREB3L2,RFX3,0.014237834313708,0.189304879096374,4.23264789082135,2.84855624647873,3.36004277463985,0.222993886637259,0.001,0.009,0.005,0.6677690974683804
DNMT1,TP53,FOXP3,0.106997496488752,0.222882631766026,4.61196125707402,4.95652939502795,3.54902183677692,0.24061623513784,0.001,0.001,0.004,0.6518744378202821
FOS,CEBPG,BHLHE22,0.0,0.157720988875708,4.03653464312782,3.48349750472751,4.05673164201631,0.167620341970519,0.001,0.002,0.001,0.6754951840213153
LMO2,NHLH1,TBX19,0.116113472151096,0.102305081641234,5.1662809635225,5.10377444625213,5.8234631737632,0.196432353308359,0.001,0.001,0.001,0.7178832838311461
LMX1B,FEV,EPAS1,0.185753333302515,0.14218682425031,5.42258236217817,5.54331325629822,6.28393885565902,0.216209306836656,0.001,0.001,0.001,0.4337153894279109
MEIS1,PBX1,ZEB1,0.115641485858458,0.188129232638851,5.84220044160768,5.9318166306969,4.75240978615996,0.26542662170384,0.001,0.001,0.001,0.6112959703395533
NFKB1,RELB,RUNX3,0.0817129066237863,0.162771022041274,4.70759830017866,4.77480851837113,4.34971152081922,0.243092868631947,0.001,0.001,0.001,0.6920120745552226
RBPJ,BCL6B,ZNF683,0.0907626495017411,0.146094748736845,4.04154293863472,4.0819583535369,0.027025334929465,0.202715233662565,0.001,0.001,0.442,0.7198448666524802
TBP,MSX1,NR4A3,0.0189923841434343,0.0945181352572821,3.85773038045501,3.8428167513273,1.07803449492506,0.170549054606629,0.001,0.001,0.852,0.6801022350191028
ZIC1,MYF5,MXI1,0.713328840415372,0.240236575828928,3.95180991677755,3.95819855386043,4.4001151503969,0.257642540936963,0.001,0.001,0.001,0.3795633518969877
KDM2B,ZNF75A,HOXD11,0.0,0.248010827250351,4.45079696333449,5.05775527685892,5.59621291758768,0.177072928238848,0.001,0.001,0.001,0.6467852830573225
AR,RREB1,LIN54,0.115960874714818,0.101200065007479,4.48322369257492,4.29341681800151,4.9089490103137,0.198895591236081,0.001,0.001,0.001,0.7256368707322921
FOXM1,CENPB,ID4,0.0726781942633603,0.165607849255543,3.88822038534063,4.02458564804213,1.61059294039225,0.182802047337066,0.001,0.001,0.077,0.6990128025708268
MAFG,NFE2,MBD2,0.0392264125981963,0.129252266855658,5.96229374138482,5.87381211559546,6.46371033086044,0.233020017703007,0.001,0.001,0.001,0.6564130585424713
E2F3,TFE3,DLX2,0.132057974285523,0.210961997417483,4.62272676972345,4.90908741307413,2.78996288979695,0.2521772220367,0.001,0.001,0.013,0.7363115788210376
ARID5B,BBX,FOXD3,0.007487727174138,0.16064692410768,5.07390899796067,5.24010197649622,5.3202113511468,0.223318327752485,0.001,0.001,0.001,0.7752274646035596
NEUROG2,SOX14,OVOL1,1.26496777245692,0.486399691335334,3.56522692852449,3.8796091480799295,2.90398123776848,0.418185638665709,0.001,0.001,0.005,0.3832256582076548
HOXB5,PBX1,OVOL1,0.0951792481977609,0.200568623804277,3.6109849576452495,2.10948998876301,2.7026023248739,0.238425587040595,0.001,0.031,0.009,0.6617882004223195
SP1,SP3,RFX3,0.0334638647901278,0.112294674420756,4.30347323352887,4.13866481126476,4.270442752829769,0.203201537381904,0.001,0.001,0.001,0.7168538234607943
ARNT,HIF1A,VSX2,0.0645909246627214,0.13224820417963,3.30307132964682,2.49351997481448,2.88116769155177,0.159921996132415,0.001,0.019,0.014,0.6947090679105726
EGR1,HOXB8,NR1H4,0.0,0.1295786088337,4.75453800009884,5.05786790018739,5.3349997408435,0.186162552632413,0.001,0.001,0.001,0.6646040659819864
EP300,STAT6,DLX6,0.0,0.102269333634971,4.23674138673965,4.25505086039696,4.77772849235069,0.172759658194816,0.001,0.001,0.001,0.7418589837444547
ESR1,ESR2,BARHL2,0.222481932523892,0.177929462112958,3.62134500952956,3.38563590762188,1.58730734346958,0.24225618817932,0.001,0.002,0.97,0.7710798421924959
NFKB1,REL,ZNF683,0.0196188466508307,0.167926497011221,4.37962164351934,4.64953699195169,3.65143369086961,0.21411895729283,0.001,0.001,0.002,0.7433525847345592
KDM2B,ZBTB4,BHLHE22,0.0,0.0967018111728211,3.77643683190241,3.87930647246314,0.149886694381951,0.153156897545146,0.001,0.001,0.503,0.641793477934385
ASCL1,NEUROG2,OTX1,1.14962609331495,0.515932073551563,4.87707828023196,5.36888329175508,3.95317563989489,0.450489143686448,0.001,0.001,0.001,0.41356931986000195
CEBPA,CEBPB,TP63,0.0446585216431732,0.159920792449622,4.5663443771476,4.01127649043445,4.32777688249255,0.20170816894337,0.001,0.002,0.001,0.6802407790371433
MYB,TFEC,HAND2,0.0,0.10719796280058,5.0981416225154,5.00478700931312,4.42823157412098,0.179577634482581,0.001,0.001,0.001,0.6704230221340313
RAX2,SRF,YY1,0.0183910020861324,0.178503957806247,4.56155101396675,4.90626114592617,2.86168361877938,0.20764550475723,0.001,0.001,0.013,0.7327651711387719
SIX3,NR4A3,EP300,0.0410340957579662,0.145975939089113,4.47292629989515,4.25174820927234,4.48605663599407,0.180579361077267,0.001,0.001,0.001,0.5999759133254883
SMARCC1,SMARCC2,RFX5,0.154377976072128,0.153003845337141,4.33896081967363,4.1107590102688,1.58592198769154,0.244827589630498,0.001,0.001,0.974,0.7363091353314342
AR,NKX3-1,PLAG1,0.0,0.118124446642727,4.62851728900867,4.70249326411962,1.29645605271301,0.190251499871416,0.001,0.001,0.921,0.764457073081981
BRCA1,TP53,DLX1,0.0943187767289877,0.189115363660828,3.6031896791843696,3.54590580858641,3.46563424164112,0.215349755440485,0.001,0.001,0.001,0.5840149736067657
DRGX,SRF,PRDM1,0.0738869701743932,0.0975126574468716,4.21891295407275,4.16779018276412,4.44324921805492,0.172095248224723,0.001,0.001,0.001,0.5527522477239483
EGR1,HOXB8,EVX1,0.0,0.150320241307539,4.67342074482636,5.12554483001821,3.90301207050908,0.187437307452155,0.001,0.001,0.002,0.584647681728109
LMX1B,OTX2,TCF24,0.481041353756489,0.130045648375224,3.6434327819073906,3.51390550623508,4.10705742870101,0.20297652338034,0.001,0.001,0.001,0.3957993533000411
AIRE,GMEB1,ZSCAN16,0.0142251795157033,0.139642288460001,5.98661978565974,5.99792394016888,0.760647508530467,0.230048655234561,0.001,0.001,0.76,0.7421928121319611
ASCL1,EN1,SRY,0.850179722093623,0.286107572862677,3.4481902623311,3.57486752946993,2.37024397732966,0.324922127050167,0.001,0.001,0.021,0.4951785037184102
ESR1,ESR2,MSX1,0.222481932523892,0.218185999735937,3.71117842181078,3.9494998485496895,3.42631020697204,0.249794352046043,0.001,0.001,0.002,0.718555177715501
MAFG,NFE2,ZNF423,0.0392264125981963,0.114564274788929,4.01085622716979,4.02031260829123,4.58245051524052,0.170228290921439,0.001,0.001,0.001,0.6592406674995275
PITX2,LHX3,TBX5,0.0806121498100709,0.156646867827422,5.31528995490431,4.50425420779134,3.90102666725866,0.193797140567578,0.001,0.001,0.001,0.6662438947862388
TP53,PRKRIR,NHLH1,0.0,0.137367417597924,3.75127067148914,3.36893884431707,1.69818759271886,0.170972010368609,0.001,0.004,0.065,0.5957379975451016
NKX2-2,PAX4,SRF,1.69055768499018,0.666228611563508,3.69902363108858,3.51041938197568,1.35425514070239,0.467668844984886,0.001,0.001,0.106,0.3728756829151025
ASCL1,NEUROG2,POU3F1,1.14962609331495,0.426944185728832,3.11904090413426,3.13153370823628,3.9474378784985,0.352026290554276,0.001,0.002,0.001,0.43320215414995195
FOXJ3,ZBTB18,FOXI1,0.0446728574129303,0.107581340543504,3.8429183999417904,3.84642536660562,3.11757603614613,0.171972425062007,0.001,0.001,0.008,0.7331408581241081
ZIC1,MYF5,PKNOX2,0.713328840415372,0.218112322420142,3.53110444055818,3.6165733023374,3.93177205285536,0.251386140083976,0.001,0.001,0.001,0.40386113292936465
ATF6,XBP1,MLX,0.0246426589627498,0.105396335029383,4.82209473560461,4.64828738294038,4.99621310220172,0.200873614498282,0.001,0.001,0.001,0.5962219382240376
GFI1B,HMG20B,MAFG,0.0330617283860506,0.159214097102344,6.72815032935212,6.91933493582691,7.73306500900723,0.239887789517019,0.001,0.001,0.001,0.6564889220442864
EGR3,NFATC2,ETV4,0.148930686396235,0.1100290599906,4.01425924166476,3.9310042388022897,4.396945493609169,0.194215148181887,0.001,0.001,0.001,0.7739630503777164
NEUROG2,SOX14,MESP1,1.26496777245692,0.604199069704915,3.42686504184025,3.15823425342472,3.85555481680602,0.398363312536403,0.001,0.001,0.001,0.34948724470018033
ESR1,ESR2,TCFL5,0.222481932523892,0.179308205828437,4.21873258590417,4.04083599282284,4.71001484302649,0.255275953410569,0.001,0.001,0.001,0.7436719663665081
MAFG,NFE2L1,DNMT1,0.0090174329002947,0.089244749790218,3.49425128969277,3.41231720787379,4.04134642380659,0.160104318368087,0.001,0.002,0.002,0.6712352061367362
PBX1,HOXB1,TEAD1,0.0100119185989169,0.121180440007311,3.73256863142887,3.65706560943417,4.1122220408003,0.176397002929869,0.001,0.001,0.001,0.6030392762442205
RELB,NFKB2,PROP1,0.461896873589262,0.545617209762545,2.97224049281259,3.44827481591074,2.47991906980154,0.308298703567511,0.001,0.001,0.015,0.5599060551138146
SMAD3,FOXO4,ZNF423,0.0293075418900455,0.137133536303871,4.51819504763489,4.51618715460711,4.88053722189606,0.22237606657085,0.001,0.001,0.001,0.6709607133197081
TP53,TOPORS,RFX1,0.0037556389375406,0.132447796936422,6.24576109156905,6.06798100499352,1.21197023409593,0.245629328371364,0.001,0.001,0.901,0.6362490240561831
E2F1,E2F7,HOXB7,0.093726977396233,0.221776473126137,4.03170566522339,4.356059847520791,0.405158311469211,0.224062596671299,0.001,0.001,0.302,0.646766663443953
E2F2,TFDP1,DBP,0.199601703663037,0.250881526403576,4.82276823299715,4.26336919931248,2.31187134345039,0.290755627365413,0.001,0.001,0.028,0.6564325937173706
CREB1,EP300,NR4A3,0.0560934844873193,0.205414420815732,4.88762617585776,5.61815169402196,4.46191901043676,0.20687234278696,0.001,0.001,0.001,0.6922553735374617
NR1H2,RXRB,FOXO1,0.178138588743457,0.210383955921102,5.99720804056039,5.84636710440995,6.27079659837779,0.283393552570445,0.001,0.001,0.001,0.6228139130666047
SMAD3,HMGA2,ETV2,0.0870450124775757,0.125964971793956,3.8856657746382894,3.77613263464736,4.23930786965229,0.20421023757932,0.001,0.004,0.001,0.5824190846712327
GFI1B,HMG20B,DLX4,0.0330617283860506,0.145824947010243,3.8921899902802704,4.01979578051685,3.28080648985356,0.160803679727692,0.001,0.001,0.009,0.6644168825838307
KDM2B,ZNF75A,NEUROD1,0.0,0.162526568878734,4.8007008484696,4.32378857528118,2.70672798659208,0.194686326339687,0.001,0.001,0.012,0.6329059011721864
JUN,ETS2,ZHX1,0.0,0.0937919630948339,4.4120908876554,4.42218944850599,4.91974469321239,0.170962469289347,0.001,0.001,0.001,0.7378448561433244
LHX9,GBX2,E2F4,0.528585549121663,0.150316196493109,3.9922561591018,3.8122586389419695,2.49456163239682,0.223854473293364,0.001,0.002,0.024,0.43402735794052877
SMAD4,ZEB1,EMX1,0.126409375283362,0.191923757663426,4.10653112729738,4.45612099528222,4.68285465234346,0.232162813690253,0.001,0.001,0.001,0.7194011127956899
IRF8,SPI1,GATA4,0.152950523329565,0.275632823655802,3.77551639771674,4.34558235615653,3.57962972546006,0.257947360649024,0.001,0.001,0.001,0.7406451887215614
ATF2,CREB3L2,HOXA7,0.0765422079491875,0.132347308029335,4.61495955755022,4.43134365935588,1.75715396893258,0.236177408659081,0.001,0.001,0.987,0.740380120598029
NEUROD1,PDX1,FOXH1,0.707452316748262,0.186032137139761,4.41651120920974,4.16470927887633,0.816090084593101,0.254656757653097,0.001,0.001,0.799,0.38867466557187946
AR,RREB1,TET1,0.115604709123859,0.147656175399568,3.9851340011638094,3.85869148188704,4.05073393244988,0.186879255405666,0.001,0.003,0.002,0.7562518695738331
ASCL1,GSX2,DPRX,0.976382755890565,0.42550621200939,3.86651294110513,3.50094784171493,2.36131283985034,0.387101188609274,0.001,0.001,0.016,0.3977828851060666
HOXB7,PBX1,POU5F1,0.180636460177315,0.253495789526287,3.98446247144023,3.90903203081882,3.03681106429697,0.283801101121423,0.001,0.001,0.006,0.6880374470978795
LMX1B,FEV,CREB5,0.185753333302515,0.0949549822019094,4.58175816043529,4.34309621865815,4.95325915376539,0.189909964403819,0.001,0.001,0.001,0.41213684627054437
MEIS1,PBX1,HLX,0.115709166854016,0.196415468114335,4.68048171538556,4.40127081632122,4.02944226753019,0.226734645073037,0.001,0.001,0.001,0.6388420051319231
TEF,TEAD1,FOXJ3,0.128964026436007,0.143398815522192,4.33184678280672,4.390779084311551,4.12675648009765,0.199801599977545,0.001,0.001,0.001,0.7577241507689984
TP53,IRF5,BCL6,0.0002157495608199,0.185770788845167,5.75130582229264,6.40796144536351,6.27282849191709,0.206464731170233,0.001,0.001,0.001,0.6120616859356699
ATF2,CREB3L2,HOXB2,0.0768540476885082,0.136996462279162,4.9835976443466,4.71847760505272,1.71716740193116,0.243915938737564,0.001,0.001,0.984,0.6693249739012488
AR,SMARCC1,HOXA9,0.0380893140925336,0.100711827523939,4.45216975332195,4.36019312892351,4.4744139401681,0.187586185300642,0.001,0.001,0.001,0.7079385900216661
GATA3,ZBTB7B,GBX2,0.0508102471447511,0.105269377509574,3.8229620501872494,3.78566987083508,4.19952403622312,0.185992115460129,0.001,0.001,0.001,0.7457035151972742
NR1H2,RXRB,RFX5,0.178138588743457,0.209471845783254,4.86631645021095,5.00537848549958,5.57038805929871,0.254170372857487,0.001,0.001,0.001,0.5831861979405285
MZF1,NFYC,SREBF2,0.0303334155437125,0.0889078541833136,3.78021201184853,3.68260687660078,4.02070250384926,0.177815708366627,0.001,0.001,0.001,0.7416631136756189
ARNTL,CLOCK,HEY2,0.111734223981361,0.100969105476622,4.02748553267302,3.88934312219654,3.84944828365926,0.185796940969502,0.001,0.001,0.002,0.7753624979886656
BACH2,PRDM1,DLX6,0.0032974567221848,0.151577456101089,4.13728182283146,4.4082418507146,3.30622309919826,0.202267869411091,0.001,0.001,0.007,0.7194450521569
BRCA1,POU2F1,GLIS2,0.200765173525575,0.162820809677797,3.54804805944774,3.4489696572852,4.1186491940415,0.254505811557397,0.001,0.001,0.001,0.712661909351891
JUN,NR3C1,PRRX1,0.0757282905499901,0.133162856613224,4.09767864710122,4.23679529993271,4.6249922833624,0.186817225516909,0.001,0.001,0.001,0.7124028654731785
ZNF423,EBF1,FOXK1,0.0771069932229613,0.129651036083309,4.53364449064473,4.50983783406198,4.89034972637109,0.209767228362215,0.001,0.001,0.001,0.624257322146654
