node1,node2,reg,Theta_Sigma,Theta_T,Theta_Tn,P,P_T,P_Tn,MI,CMI,Sigma
1.0,2.0,10.0,1.4097109887486432,0.3645099447550778,1.0441667874433944,0.924,0.605,0.864,0.3813083977033065,0.23162580649544304,0.0929814391315082
1.0,2.0,3.0,0.4951548765387156,0.13376339007624832,1.5994561738412834,0.684,0.504,0.97,0.3813082763440834,0.24208976717615208,0.09621304060701807
1.0,2.0,4.0,0.7695106537106818,0.40938773148499585,2.9606018099792895,0.226,0.64,1.0,0.3813083999559277,0.10617554799160281,0.10091845961569841
1.0,2.0,5.0,0.4755280049601425,0.8735217084513742,0.4926139424812378,0.682,0.799,0.657,0.3813083977033065,0.2955086382394714,0.09653847882936469
1.0,2.0,6.0,1.1399780577877032,0.515794752288722,1.8537766929539288,0.863,0.267,0.991,0.38130841403250315,0.21777132936975988,0.09412072159832541
1.0,2.0,7.0,2.742543642665873,0.5366798629665409,0.8778664101660137,0.003,0.262,0.82,0.38130829267328004,0.29349247620040414,0.10807554187528877
1.0,2.0,8.0,2.410312297456209,0.34951397400477185,0.875777081476957,0.008,0.329,0.185,0.38130820388031506,0.2568049938874249,0.10627504101799673
1.0,2.0,9.0,0.0964132894903417,0.641151272908428,1.0673952290462378,0.527,0.728,0.871,0.38130829267328004,0.19220026528613574,0.09770901231518402
1.0,4.0,10.0,50.26343103763549,8.535432328284845,0.06988934459044069,0.001,0.001,0.41,0.888253595780002,0.5875953461193025,0.33260077948823075
1.0,4.0,2.0,24.591583507852917,7.225057754927038,0.3651181446447101,0.001,0.001,0.609,0.888253595780002,0.6350827624574936,0.22268199867150434
1.0,4.0,3.0,64.93477773949827,10.204097287683787,1.9801398649986663,0.001,0.001,1.0,0.8882535376404652,0.6754328423277371,0.40462883694252894
1.0,4.0,5.0,38.454070703931755,9.369086712795058,1.488971473682063,0.001,0.001,0.948,0.888253595780002,0.7361510663209202,0.27911861902960067
1.0,4.0,6.0,47.9992486308946,7.834957067838339,0.17064398923336385,0.001,0.001,0.404,0.888253595780002,0.601082139212437,0.33210060606659003
1.0,4.0,7.0,41.4976848954742,9.800287843695548,1.0969671205686948,0.001,0.001,0.879,0.888253595780002,0.7323002241593318,0.2916734743355651
1.0,4.0,8.0,47.74008937810083,10.577138115203592,1.2142603694255034,0.001,0.001,0.912,0.888253595780002,0.6677174008802296,0.3284226725048515
1.0,4.0,9.0,44.966480164903416,8.155801398482433,0.13344753692337644,0.001,0.001,0.503,0.888253595780002,0.46970898168038544,0.3105681933984345
1.0,6.0,10.0,2.1300196965768774,3.0929718992351365,0.8931143567714835,0.987,1.0,0.825,0.3923884388716763,0.14946963138353161,0.0912431574602316
1.0,6.0,2.0,1.2594384097057487,0.8471140130043646,1.016086729349635,0.901,0.802,0.865,0.3923884388716763,0.22688887429358826,0.09405849595345428
1.0,6.0,3.0,2.9206429008100514,1.8024431353035066,0.8857974939270956,0.999,0.984,0.153,0.3923884388716763,0.09811600187260174,0.08793755404676207
1.0,6.0,4.0,9.264732724198435,4.576607841647215,2.5201376410093204,1.0,1.0,1.0,0.3923884388716763,0.08550485799160834,0.06654685012533441
1.0,6.0,5.0,0.47344270407453226,1.4204319180960052,0.09835208591011403,0.689,0.933,0.494,0.3923884388716763,0.22252531015250127,0.09653558746772653
1.0,6.0,7.0,2.606386831179126,2.3687842339556235,0.3548275333809081,0.996,1.0,0.607,0.3923884388716763,0.21193554766694356,0.08941998245020738
1.0,6.0,8.0,2.112377346325391,0.5515639573251615,1.9662583177150854,0.987,0.687,0.034,0.3923884388716763,0.16666439177834078,0.09097072242923526
1.0,6.0,9.0,5.398685506601669,3.947132531594773,1.8875688416048018,1.0,1.0,0.992,0.3923884388716763,0.10519474323706589,0.07969934226845181
3.0,6.0,10.0,26.642895493079322,5.963921790148816,1.5921741963964577,0.001,0.001,0.977,0.724044828271011,0.4213366409626107,0.22590610527276625
3.0,6.0,1.0,22.712746846638012,5.007651245596675,1.81366050076522,0.001,0.001,0.986,0.724044828271011,0.43314345600576604,0.2110670549077818
3.0,6.0,2.0,18.22999957123268,2.815481177058814,0.5219618663913842,0.001,0.008,0.674,0.724044828271011,0.5905975044522456,0.18946222085687497
3.0,6.0,4.0,23.58021943088159,5.868978447694079,2.3665218686737397,0.001,0.001,0.999,0.724044828271011,0.4356979993313104,0.214062758537215
3.0,6.0,5.0,33.83603902261223,10.465883858300144,1.7084561721153533,0.001,0.001,0.984,0.7240447200459021,0.5062286762637848,0.2514288314050048
3.0,6.0,7.0,29.756302776045963,6.56584774866649,0.7798329831070108,0.001,0.001,0.775,0.7240447200459021,0.4765449998602786,0.24115578233582582
3.0,6.0,8.0,53.66612759778905,7.68380182192962,0.1309209220977311,0.001,0.001,0.388,0.7240447200459021,0.4546144390300971,0.3438447201775277
3.0,6.0,9.0,26.532151999330196,5.4267474147799515,1.5242373255775454,0.001,0.001,0.963,0.7240447200459021,0.4049425336332449,0.22669769279671037
3.0,8.0,10.0,4.144019612729575,1.3090533626868919,1.2708072834040758,1.0,0.927,0.927,0.43658824003951935,0.1488270989772443,0.08350183705021624
3.0,8.0,1.0,0.8866787052667284,2.256876282371842,0.08673367724143381,0.817,0.026,0.417,0.4365880938406894,0.2138503456135193,0.09427014448211302
3.0,8.0,2.0,0.16858954244848615,0.3903615078029898,1.883121409914192,0.439,0.626,0.994,0.4365880938406894,0.32792368899040647,0.0977296080149443
3.0,8.0,4.0,3.3563083758886934,2.582888616373129,1.7294930617966164,0.999,1.0,0.984,0.4365880938406894,0.1906553680568896,0.0859424348987664
3.0,8.0,5.0,1.6417240667607633,1.6548108510403061,0.03881903812967831,0.951,0.969,0.441,0.43658824003951935,0.20724062281509498,0.09172302335139428
3.0,8.0,6.0,2.3256977711661797,3.0983489225091776,0.036260425309292355,0.987,1.0,0.482,0.4365883108610493,0.1529638480919515,0.08893102645980144
3.0,8.0,7.0,1.0399985601918365,0.6765143452405522,0.7590276758718628,0.856,0.738,0.215,0.4365881646622185,0.2062812061200703,0.09372530368599624
3.0,8.0,9.0,3.952976733573952,2.505785406192538,2.1539321543239036,1.0,0.999,1.0,0.43658824003951935,0.13600318243888404,0.08354439856218845
3.0,10.0,1.0,1.2227964207689144,1.1983359759344512,2.285840584332309,0.888,0.89,0.999,0.43435187359294947,0.18535379590917628,0.09659362524034376
3.0,10.0,2.0,0.01635806634474693,0.4973499221255559,2.2073344089438556,0.486,0.293,0.031,0.4343518147694203,0.317279108220808,0.10093923933089169
3.0,10.0,4.0,2.0314126898645735,2.6525029559615376,1.2624827427216545,0.977,1.0,0.909,0.43435187359294947,0.1611660881781525,0.09372571476974619
3.0,10.0,5.0,1.2084276930535949,0.6484727803964936,1.0268928580064933,0.112,0.246,0.868,0.4343518147694203,0.26893978847422545,0.1052118272212233
3.0,10.0,6.0,5.210070633472981,3.676479751459027,1.3727826766088511,1.0,1.0,0.935,0.4343518147694203,0.1204462476747934,0.08201578151857568
3.0,10.0,7.0,0.8664155797985006,1.372133487799302,0.2430202868811378,0.187,0.092,0.355,0.434351871319687,0.2669434898076217,0.10423332218568862
3.0,10.0,8.0,3.235256041293118,1.9894658785612298,1.9125281835039833,0.999,0.99,0.996,0.43435181249615784,0.1481938535366953,0.0894452991307214
3.0,10.0,9.0,6.85353119502193,4.841153308777624,2.0518235851510123,1.0,1.0,0.999,0.434351871319687,0.09357707407544026,0.07685062825180648
4.0,9.0,10.0,2.480374287530922,2.5523172953566773,2.3065694309735645,0.989,0.999,1.0,0.7053089609462289,0.24496686480766908,0.10915527623884079
4.0,9.0,1.0,18.092849349798954,1.4234232359634946,2.394583661299446,0.001,0.088,1.0,0.7053089609462289,0.2836148906953092,0.19763133801918034
4.0,9.0,2.0,9.129154302814984,1.383764591157753,1.531968070926855,0.001,0.097,0.96,0.7053089609462289,0.5398050666767239,0.1567334992655476
4.0,9.0,3.0,30.52088752147057,4.681934075778668,2.1216089904745896,0.001,0.001,0.996,0.7053089609462289,0.420302350918887,0.2495364518111374
4.0,9.0,5.0,60.072069352974566,10.570317310974444,0.1510488783567217,0.001,0.001,0.504,0.7053089609462289,0.5921774224070795,0.3687610173710233
4.0,9.0,6.0,33.32623662297442,7.146738699680468,0.8693810721189004,0.001,0.001,0.819,0.7053089609462289,0.4123153994077577,0.26354764892518256
4.0,9.0,7.0,68.96613983872794,13.996132218590372,1.9919721610945107,0.001,0.001,0.039,0.7053089609462289,0.6092102908546818,0.40820675155332115
4.0,9.0,8.0,30.473233750558734,6.777526307552719,1.3392587064360226,0.001,0.001,0.933,0.7053089609462289,0.4370677864865405,0.25143448177076855
5.0,7.0,10.0,45.639338419258245,9.998389596066074,0.37255868919405566,0.001,0.001,0.322,0.8995780575523256,0.7881009568583874,0.32364288565019467
5.0,7.0,1.0,57.04780090919751,8.765206133381326,1.0846504535829082,0.001,0.001,0.866,0.89957820548132,0.8113719858425131,0.37016292577370996
5.0,7.0,2.0,46.042202196531676,9.963731756524606,0.4182234045786973,0.001,0.001,0.296,0.89957820548132,0.8621271577343655,0.3297992394565705
5.0,7.0,3.0,43.813190295867976,10.311875864648036,0.954593206996988,0.001,0.001,0.846,0.89957820548132,0.7009695415845846,0.30644636360203464
5.0,7.0,4.0,63.914672053360306,9.81403475447402,0.8274418112083296,0.001,0.001,0.802,0.8995780782596583,0.8147317520312589,0.4079531641317878
5.0,7.0,6.0,39.5787158611496,10.126459547034337,1.773560221813981,0.001,0.001,0.975,0.8995780782596583,0.6480710020934651,0.30705382986717594
5.0,7.0,8.0,35.08283300056816,6.294428769828184,0.6004500490061727,0.001,0.001,0.702,0.89957820548132,0.6244280948601039,0.27634879491625947
5.0,7.0,9.0,49.86760439865854,9.773521534196512,1.8488931843462268,0.001,0.001,0.992,0.89957820548132,0.7690055911768732,0.3458917107627033
5.0,8.0,10.0,1.410811201673768,1.6998165235239477,0.5013319383477618,0.923,0.967,0.675,0.36819499997513727,0.18521992600812992,0.0920009069640291
5.0,8.0,1.0,0.6786937994481657,0.5855753659081206,2.346480898949843,0.746,0.691,1.0,0.3681948138750055,0.2002887465008853,0.0943764056067353
5.0,8.0,2.0,0.9280163594321738,1.3562913287308438,0.38439648398462806,0.176,0.098,0.617,0.36819499997513727,0.28849098440261706,0.10011621471789081
5.0,8.0,3.0,4.013899056446643,3.382417769222133,1.1164782992129532,1.0,1.0,0.888,0.36819492751136984,0.13561637272301494,0.08300514092977672
5.0,8.0,4.0,1.8073058126349715,0.7631846865932161,0.0639190156051435,0.976,0.768,0.473,0.36819499997513727,0.18912904471907838,0.09071865627456417
5.0,8.0,6.0,4.354955206478687,2.5203588715633227,1.985795235617967,1.0,0.998,0.995,0.36819492751136984,0.12831135594054593,0.08214397340451027
5.0,8.0,7.0,8.852625606415563,0.9849472964381447,2.914828870297486,1.0,0.164,1.0,0.36819484938637004,0.06999971749395816,0.06619012377501711
5.0,8.0,9.0,4.527993204739129,2.80687287579225,0.3471652420722159,1.0,1.0,0.596,0.36819488633877384,0.15773101990977767,0.0816451784911784
6.0,7.0,10.0,3.374443289707164,3.091744672012984,0.4277325230474244,1.0,1.0,0.621,0.35420564846004776,0.17252908024491226,0.08587784118175126
6.0,7.0,1.0,2.2802063440568903,1.202289428781984,1.9451337421165358,0.989,0.909,0.996,0.35420564846004776,0.17351534680927075,0.08899488371405075
6.0,7.0,2.0,1.3948956202375893,1.5330233066492795,0.2698400353055343,0.085,0.088,0.573,0.3542055845214289,0.27205175031024625,0.10161331866776206
6.0,7.0,3.0,5.502017715320104,2.9116660182818115,0.448342931139285,1.0,1.0,0.635,0.3542055845214289,0.09091044995815276,0.07774894349583182
6.0,7.0,4.0,5.354638738304716,3.192922874025185,2.233623179722751,1.0,1.0,0.997,0.35420564846004776,0.16195318960168614,0.07856576519618291
6.0,7.0,5.0,8.044473433227827,4.858908051957118,1.7215143342560433,1.0,1.0,0.983,0.35420564846004776,0.08458068198167852,0.07042499832588427
6.0,7.0,8.0,3.228660021355014,0.7293654637408605,0.07388318893488449,1.0,0.756,0.486,0.3542055845214289,0.11246958218495966,0.0855733557566759
6.0,7.0,9.0,2.1984289985079726,2.3646643129200364,2.5891095878737307,0.986,0.998,1.0,0.3542055845214289,0.15340030336818838,0.08892789338240989
8.0,9.0,10.0,0.7744105400958542,3.860680700797289,1.797055797559213,0.782,1.0,0.991,0.41497464434894926,0.15172247183978513,0.09496166870483908
8.0,9.0,1.0,1.9052558844427112,3.523561471252261,1.2672907595325507,0.964,1.0,0.921,0.41497475595609234,0.16406829201647669,0.09090439229846531
8.0,9.0,2.0,0.5330106360021972,0.8925149052040218,0.4497870856589711,0.29,0.812,0.283,0.41497464434894926,0.2880719915815551,0.0994347057622454
8.0,9.0,3.0,5.605702833453306,4.352323358843295,1.1869355461609221,1.0,1.0,0.915,0.41497475595609234,0.11057220993991895,0.07769477602305402
8.0,9.0,4.0,7.070842247450522,4.713162002948184,1.6944072964209058,1.0,1.0,0.988,0.41497475595609234,0.11260416486766131,0.0732685469350257
8.0,9.0,5.0,1.3475159654444502,0.7878202089336247,0.8724498121811347,0.908,0.776,0.797,0.41497464434894926,0.20541457397941001,0.09301942341704708
8.0,9.0,6.0,3.809425008164885,4.328471899996371,2.179924715146228,1.0,1.0,1.0,0.41497464434894926,0.1285742864660501,0.08409600994818993
8.0,9.0,7.0,3.808108128764435,1.8291342031799445,1.359893714888787,1.0,0.981,0.941,0.41497464434894926,0.20401854642465378,0.08464039912544695
9.0,10.0,1.0,27.26933125734489,5.100677115279904,0.9016907870226648,0.001,0.001,0.826,0.7532559052416694,0.43034936504381605,0.22984880510451464
9.0,10.0,2.0,20.581299724740298,4.823137634744192,1.5626732377251826,0.001,0.001,0.969,0.7532557671201223,0.597168604484881,0.20361371393779465
9.0,10.0,3.0,35.59663578512405,5.468855772428998,0.7484273463317678,0.001,0.001,0.769,0.7532557671201223,0.41016729903210725,0.2662859341171842
9.0,10.0,4.0,4.469263543567755,2.0589424035724138,1.1848688662852824,0.001,0.038,0.899,0.7532557671201223,0.2822684056842941,0.1354126790322834
9.0,10.0,5.0,38.392854676546,8.712273555048657,1.5691416056667389,0.001,0.001,0.979,0.7532557671201223,0.5967535371464937,0.2758152491312424
9.0,10.0,6.0,33.40245496392749,7.172162607669695,0.044091443119398284,0.001,0.001,0.49,0.7532557671201223,0.4508731944205728,0.2573867438413923
9.0,10.0,7.0,34.86923997346047,8.749077639208634,0.16229567599566147,0.001,0.001,0.387,0.7532557671201223,0.5900830176919579,0.25653503934445443
9.0,10.0,8.0,60.07837314485432,9.427029240124423,1.6042918953822838,0.001,0.001,0.973,0.7532557671201223,0.4951758842438052,0.36234724903453214
